sample-id,Source,Merged,Region,C_S,B_R,Pathogen_Genus,Pathogen_Species,Crop,Study,Study_figures,Location,Include,Sample_name_paper,Primer_name,5'-Primer_seq-3',,,,,,,
#q2:types,categorical,categorical,categorical,categorical,categorical,categorical,categorical,categorical,categorical,categorical,categorical,categorical,categorical,categorical,categorical,,,,,,,
SRR12354071,SRA,No,V3-V4,C,R,Ganoderma,Ganoderma boninense,Oil Palm,PRJNA649668,PRJNA649668,Malaysia,Y,BE9_PC2_16S,341F/805R,Bakt 341F (5?-CCT ACG GGN GGC WGC AG-3?) and Bakt 805R (5?-GAC TAC HVG GGT ATC TAA TCC-3?),,,,,,,
SRR12354072,SRA,No,V3-V4,C,R,Ganoderma,Ganoderma boninense,Oil Palm,PRJNA649668,PRJNA649668,Malaysia,Y,BE9_PC1_16S,341F/805R,Bakt 341F (5?-CCT ACG GGN GGC WGC AG-3?) and Bakt 805R (5?-GAC TAC HVG GGT ATC TAA TCC-3?),,,,,,,
SRR12354075,SRA,No,V3-V4,C,R,Ganoderma,Ganoderma boninense,Oil Palm,PRJNA649668,PRJNA649668,Malaysia,Y,BE7_PC1_16S,341F/805R,Bakt 341F (5?-CCT ACG GGN GGC WGC AG-3?) and Bakt 805R (5?-GAC TAC HVG GGT ATC TAA TCC-3?),,,,,,,
SRR12354079,SRA,No,V3-V4,C,R,Ganoderma,Ganoderma boninense,Oil Palm,PRJNA649668,PRJNA649668,Malaysia,Y,BE5_PC2_16S,341F/805R,Bakt 341F (5?-CCT ACG GGN GGC WGC AG-3?) and Bakt 805R (5?-GAC TAC HVG GGT ATC TAA TCC-3?),,,,,,,
SRR12354080,SRA,No,V3-V4,C,R,Ganoderma,Ganoderma boninense,Oil Palm,PRJNA649668,PRJNA649668,Malaysia,Y,BE5_PC1_16S,341F/805R,Bakt 341F (5?-CCT ACG GGN GGC WGC AG-3?) and Bakt 805R (5?-GAC TAC HVG GGT ATC TAA TCC-3?),,,,,,,
SRR12354083,SRA,No,V3-V4,C,R,Ganoderma,Ganoderma boninense,Oil Palm,PRJNA649668,PRJNA649668,Malaysia,Y,BE3_PC2_16S,341F/805R,Bakt 341F (5?-CCT ACG GGN GGC WGC AG-3?) and Bakt 805R (5?-GAC TAC HVG GGT ATC TAA TCC-3?),,,,,,,
SRR12354084,SRA,No,V3-V4,C,R,Ganoderma,Ganoderma boninense,Oil Palm,PRJNA649668,PRJNA649668,Malaysia,Y,BE3_PC1_16S,341F/805R,Bakt 341F (5?-CCT ACG GGN GGC WGC AG-3?) and Bakt 805R (5?-GAC TAC HVG GGT ATC TAA TCC-3?),,,,,,,
SRR12354087,SRA,No,V3-V4,C,R,Ganoderma,Ganoderma boninense,Oil Palm,PRJNA649668,PRJNA649668,Malaysia,Y,BE1_PC2_16S,341F/805R,Bakt 341F (5?-CCT ACG GGN GGC WGC AG-3?) and Bakt 805R (5?-GAC TAC HVG GGT ATC TAA TCC-3?),,,,,,,
SRR12354088,SRA,No,V3-V4,C,R,Ganoderma,Ganoderma boninense,Oil Palm,PRJNA649668,PRJNA649668,Malaysia,Y,BE1_PC1_16S,341F/805R,Bakt 341F (5?-CCT ACG GGN GGC WGC AG-3?) and Bakt 805R (5?-GAC TAC HVG GGT ATC TAA TCC-3?),,,,,,,
SRR12354092,SRA,No,V3-V4,S,R,Ganoderma,Ganoderma boninense,Oil Palm,PRJNA649668,PRJNA649668,Malaysia,Y,BL9_PC2_16S,341F/805R,Bakt 341F (5?-CCT ACG GGN GGC WGC AG-3?) and Bakt 805R (5?-GAC TAC HVG GGT ATC TAA TCC-3?),,,,,,,
SRR12354093,SRA,No,V3-V4,S,R,Ganoderma,Ganoderma boninense,Oil Palm,PRJNA649668,PRJNA649668,Malaysia,Y,BL9_PC1_16S,341F/805R,Bakt 341F (5?-CCT ACG GGN GGC WGC AG-3?) and Bakt 805R (5?-GAC TAC HVG GGT ATC TAA TCC-3?),,,,,,,
SRR12354096,SRA,No,V3-V4,S,R,Ganoderma,Ganoderma boninense,Oil Palm,PRJNA649668,PRJNA649668,Malaysia,Y,BL7_PC2_16S,341F/805R,Bakt 341F (5?-CCT ACG GGN GGC WGC AG-3?) and Bakt 805R (5?-GAC TAC HVG GGT ATC TAA TCC-3?),,,,,,,
SRR12354097,SRA,No,V3-V4,S,R,Ganoderma,Ganoderma boninense,Oil Palm,PRJNA649668,PRJNA649668,Malaysia,Y,BL7_PC1_16S,341F/805R,Bakt 341F (5?-CCT ACG GGN GGC WGC AG-3?) and Bakt 805R (5?-GAC TAC HVG GGT ATC TAA TCC-3?),,,,,,,
SRR12354101,SRA,No,V3-V4,S,R,Ganoderma,Ganoderma boninense,Oil Palm,PRJNA649668,PRJNA649668,Malaysia,Y,BL5_PC2_16S,341F/805R,Bakt 341F (5?-CCT ACG GGN GGC WGC AG-3?) and Bakt 805R (5?-GAC TAC HVG GGT ATC TAA TCC-3?),,,,,,,
SRR12354102,SRA,No,V3-V4,S,R,Ganoderma,Ganoderma boninense,Oil Palm,PRJNA649668,PRJNA649668,Malaysia,Y,BL5_PC1_16S,341F/805R,Bakt 341F (5?-CCT ACG GGN GGC WGC AG-3?) and Bakt 805R (5?-GAC TAC HVG GGT ATC TAA TCC-3?),,,,,,,
SRR12354105,SRA,No,V3-V4,S,R,Ganoderma,Ganoderma boninense,Oil Palm,PRJNA649668,PRJNA649668,Malaysia,Y,BL3_PC2_16S,341F/805R,Bakt 341F (5?-CCT ACG GGN GGC WGC AG-3?) and Bakt 805R (5?-GAC TAC HVG GGT ATC TAA TCC-3?),,,,,,,
SRR12354106,SRA,No,V3-V4,S,R,Ganoderma,Ganoderma boninense,Oil Palm,PRJNA649668,PRJNA649668,Malaysia,Y,BL3_PC1_16S,341F/805R,Bakt 341F (5?-CCT ACG GGN GGC WGC AG-3?) and Bakt 805R (5?-GAC TAC HVG GGT ATC TAA TCC-3?),,,,,,,
SRR12354109,SRA,No,V3-V4,S,R,Ganoderma,Ganoderma boninense,Oil Palm,PRJNA649668,PRJNA649668,Malaysia,Y,BL1_PC2_16S,341F/805R,Bakt 341F (5?-CCT ACG GGN GGC WGC AG-3?) and Bakt 805R (5?-GAC TAC HVG GGT ATC TAA TCC-3?),,,,,,,
SRR12354110,SRA,No,V3-V4,S,R,Ganoderma,Ganoderma boninense,Oil Palm,PRJNA649668,PRJNA649668,Malaysia,Y,BL1_PC1_16S,341F/805R,Bakt 341F (5?-CCT ACG GGN GGC WGC AG-3?) and Bakt 805R (5?-GAC TAC HVG GGT ATC TAA TCC-3?),,,,,,,
SRR10967749,SRA,No,v3-v4,C,R,Fusarium_Boeremia,Fusarium & Boeremia,Tobacco,PRJNA603213,PRJNA603213,China: Sichuan,Y,,338F/806R,338F (5? -ACTCCTAGGGGGCAGCAG-3?) and 806R (5? -GGACTAChVGGTWTCTAAT-3?),,,,,,,
SRR10967750,SRA,No,v3-v4,S,R,Fusarium_Boeremia,Fusarium & Boeremia,Tobacco,PRJNA603213,PRJNA603213,China: Sichuan,Y,,338F/806R,338F (5? -ACTCCTAGGGGGCAGCAG-3?) and 806R (5? -GGACTAChVGGTWTCTAAT-3?),,,,,,,
SRR10967751,SRA,No,v3-v4,S,R,Fusarium_Boeremia,Fusarium & Boeremia,Tobacco,PRJNA603213,PRJNA603213,China: Sichuan,Y,,338F/806R,338F (5? -ACTCCTAGGGGGCAGCAG-3?) and 806R (5? -GGACTAChVGGTWTCTAAT-3?),,,,,,,
SRR10967752,SRA,No,v3-v4,S,R,Fusarium_Boeremia,Fusarium & Boeremia,Tobacco,PRJNA603213,PRJNA603213,China: Sichuan,Y,,338F/806R,338F (5? -ACTCCTAGGGGGCAGCAG-3?) and 806R (5? -GGACTAChVGGTWTCTAAT-3?),,,,,,,
SRR10967753,SRA,No,v3-v4,C,R,Fusarium_Boeremia,Fusarium & Boeremia,Tobacco,PRJNA603213,PRJNA603213,China: Sichuan,Y,,338F/806R,338F (5? -ACTCCTAGGGGGCAGCAG-3?) and 806R (5? -GGACTAChVGGTWTCTAAT-3?),,,,,,,
SRR10967754,SRA,No,v3-v4,C,R,Fusarium_Boeremia,Fusarium & Boeremia,Tobacco,PRJNA603213,PRJNA603213,China: Sichuan,Y,,338F/806R,338F (5? -ACTCCTAGGGGGCAGCAG-3?) and 806R (5? -GGACTAChVGGTWTCTAAT-3?),,,,,,,
SRR10967755,SRA,No,v3-v4,C,R,Fusarium_Boeremia,Fusarium & Boeremia,Tobacco,PRJNA603213,PRJNA603213,China: Sichuan,Y,,338F/806R,338F (5? -ACTCCTAGGGGGCAGCAG-3?) and 806R (5? -GGACTAChVGGTWTCTAAT-3?),,,,,,,
SRR10967756,SRA,No,v3-v4,S,R,Fusarium_Boeremia,Fusarium & Boeremia,Tobacco,PRJNA603213,PRJNA603213,China: Sichuan,Y,,338F/806R,338F (5? -ACTCCTAGGGGGCAGCAG-3?) and 806R (5? -GGACTAChVGGTWTCTAAT-3?),,,,,,,
SRR10967757,SRA,No,v3-v4,C,R,Fusarium_Boeremia,Fusarium & Boeremia,Tobacco,PRJNA603213,PRJNA603213,China: Sichuan,Y,,338F/806R,338F (5? -ACTCCTAGGGGGCAGCAG-3?) and 806R (5? -GGACTAChVGGTWTCTAAT-3?),,,,,,,
SRR10967758,SRA,No,v3-v4,C,R,Fusarium_Boeremia,Fusarium & Boeremia,Tobacco,PRJNA603213,PRJNA603213,China: Sichuan,Y,,338F/806R,338F (5? -ACTCCTAGGGGGCAGCAG-3?) and 806R (5? -GGACTAChVGGTWTCTAAT-3?),,,,,,,
SRR10967759,SRA,No,v3-v4,C,R,Fusarium_Boeremia,Fusarium & Boeremia,Tobacco,PRJNA603213,PRJNA603213,China: Sichuan,Y,,338F/806R,338F (5? -ACTCCTAGGGGGCAGCAG-3?) and 806R (5? -GGACTAChVGGTWTCTAAT-3?),,,,,,,
SRR10967760,SRA,No,v3-v4,S,R,Fusarium_Boeremia,Fusarium & Boeremia,Tobacco,PRJNA603213,PRJNA603213,China: Sichuan,Y,,338F/806R,338F (5? -ACTCCTAGGGGGCAGCAG-3?) and 806R (5? -GGACTAChVGGTWTCTAAT-3?),,,,,,,
SRR10967761,SRA,No,v3-v4,S,R,Fusarium_Boeremia,Fusarium & Boeremia,Tobacco,PRJNA603213,PRJNA603213,China: Sichuan,Y,,338F/806R,338F (5? -ACTCCTAGGGGGCAGCAG-3?) and 806R (5? -GGACTAChVGGTWTCTAAT-3?),,,,,,,
SRR10967762,SRA,No,v3-v4,S,R,Fusarium_Boeremia,Fusarium & Boeremia,Tobacco,PRJNA603213,PRJNA603213,China: Sichuan,Y,,338F/806R,338F (5? -ACTCCTAGGGGGCAGCAG-3?) and 806R (5? -GGACTAChVGGTWTCTAAT-3?),,,,,,,
SRR10967763,SRA,No,v3-v4,C,R,Fusarium_Boeremia,Fusarium & Boeremia,Tobacco,PRJNA603213,PRJNA603213,China: Sichuan,Y,,338F/806R,338F (5? -ACTCCTAGGGGGCAGCAG-3?) and 806R (5? -GGACTAChVGGTWTCTAAT-3?),,,,,,,
SRR10967764,SRA,No,v3-v4,C,R,Fusarium_Boeremia,Fusarium & Boeremia,Tobacco,PRJNA603213,PRJNA603213,China: Sichuan,Y,,338F/806R,338F (5? -ACTCCTAGGGGGCAGCAG-3?) and 806R (5? -GGACTAChVGGTWTCTAAT-3?),,,,,,,
SRR10967765,SRA,No,v3-v4,S,R,Fusarium_Boeremia,Fusarium & Boeremia,Tobacco,PRJNA603213,PRJNA603213,China: Sichuan,Y,,338F/806R,338F (5? -ACTCCTAGGGGGCAGCAG-3?) and 806R (5? -GGACTAChVGGTWTCTAAT-3?),,,,,,,
SRR10967766,SRA,No,v3-v4,S,R,Fusarium_Boeremia,Fusarium & Boeremia,Tobacco,PRJNA603213,PRJNA603213,China: Sichuan,Y,,338F/806R,338F (5? -ACTCCTAGGGGGCAGCAG-3?) and 806R (5? -GGACTAChVGGTWTCTAAT-3?),,,,,,,
SRR11595340,SRA,Yes,V4,C,R,Fusarium,Fusarium oxysporum f. sp. cubense TR4,Banana,PRJNA627608,PRJNA627608,China:Hainan,Y,,515F/806R,F515 (5'-GTGCCAGCMGCCGCGGTAA-3') and R806 (5'-GGACTACVSGGGTATCTAAT-3'),,,,,,,
SRR11595341,SRA,Yes,V4,C,R,Fusarium,Fusarium oxysporum f. sp. cubense TR4,Banana,PRJNA627608,PRJNA627608,China:Hainan,Y,,515F/806R,F515 (5'-GTGCCAGCMGCCGCGGTAA-3') and R806 (5'-GGACTACVSGGGTATCTAAT-3'),,,,,,,
SRR11595344,SRA,Yes,V4,C,R,Fusarium,Fusarium oxysporum f. sp. cubense TR4,Banana,PRJNA627608,PRJNA627608,China:Hainan,Y,,515F/806R,F515 (5'-GTGCCAGCMGCCGCGGTAA-3') and R806 (5'-GGACTACVSGGGTATCTAAT-3'),,,,,,,
SRR11595355,SRA,Yes,V4,C,R,Fusarium,Fusarium oxysporum f. sp. cubense TR4,Banana,PRJNA627608,PRJNA627608,China:Hainan,Y,,515F/806R,F515 (5'-GTGCCAGCMGCCGCGGTAA-3') and R806 (5'-GGACTACVSGGGTATCTAAT-3'),,,,,,,
SRR11595366,SRA,Yes,V4,C,R,Fusarium,Fusarium oxysporum f. sp. cubense TR4,Banana,PRJNA627608,PRJNA627608,China:Hainan,Y,,515F/806R,F515 (5'-GTGCCAGCMGCCGCGGTAA-3') and R806 (5'-GGACTACVSGGGTATCTAAT-3'),,,,,,,
SRR11595377,SRA,Yes,V4,C,R,Fusarium,Fusarium oxysporum f. sp. cubense TR4,Banana,PRJNA627608,PRJNA627608,China:Hainan,Y,,515F/806R,F515 (5'-GTGCCAGCMGCCGCGGTAA-3') and R806 (5'-GGACTACVSGGGTATCTAAT-3'),,,,,,,
SRR11595382,SRA,Yes,V4,S,R,Fusarium,Fusarium oxysporum f. sp. cubense TR4,Banana,PRJNA627608,PRJNA627608,China:Hainan,Y,,515F/806R,F515 (5'-GTGCCAGCMGCCGCGGTAA-3') and R806 (5'-GGACTACVSGGGTATCTAAT-3'),,,,,,,
SRR11595383,SRA,Yes,V4,S,R,Fusarium,Fusarium oxysporum f. sp. cubense TR4,Banana,PRJNA627608,PRJNA627608,China:Hainan,Y,,515F/806R,F515 (5'-GTGCCAGCMGCCGCGGTAA-3') and R806 (5'-GGACTACVSGGGTATCTAAT-3'),,,,,,,
SRR11595384,SRA,Yes,V4,S,R,Fusarium,Fusarium oxysporum f. sp. cubense TR4,Banana,PRJNA627608,PRJNA627608,China:Hainan,Y,,515F/806R,F515 (5'-GTGCCAGCMGCCGCGGTAA-3') and R806 (5'-GGACTACVSGGGTATCTAAT-3'),,,,,,,
SRR11595385,SRA,Yes,V4,S,R,Fusarium,Fusarium oxysporum f. sp. cubense TR4,Banana,PRJNA627608,PRJNA627608,China:Hainan,Y,,515F/806R,F515 (5'-GTGCCAGCMGCCGCGGTAA-3') and R806 (5'-GGACTACVSGGGTATCTAAT-3'),,,,,,,
SRR11595386,SRA,Yes,V4,S,R,Fusarium,Fusarium oxysporum f. sp. cubense TR4,Banana,PRJNA627608,PRJNA627608,China:Hainan,Y,,515F/806R,F515 (5'-GTGCCAGCMGCCGCGGTAA-3') and R806 (5'-GGACTACVSGGGTATCTAAT-3'),,,,,,,
SRR11595387,SRA,Yes,V4,S,R,Fusarium,Fusarium oxysporum f. sp. cubense TR4,Banana,PRJNA627608,PRJNA627608,China:Hainan,Y,,515F/806R,F515 (5'-GTGCCAGCMGCCGCGGTAA-3') and R806 (5'-GGACTACVSGGGTATCTAAT-3'),,,,,,,
SRR11595388,SRA,Yes,V4,C,R,Fusarium,Fusarium oxysporum f. sp. cubense TR4,Banana,PRJNA627608,PRJNA627608,China:Hainan,Y,,515F/806R,F515 (5'-GTGCCAGCMGCCGCGGTAA-3') and R806 (5'-GGACTACVSGGGTATCTAAT-3'),,,,,,,
SRR11595389,SRA,Yes,V4,S,R,Fusarium,Fusarium oxysporum f. sp. cubense TR4,Banana,PRJNA627608,PRJNA627608,China:Hainan,Y,,515F/806R,F515 (5'-GTGCCAGCMGCCGCGGTAA-3') and R806 (5'-GGACTACVSGGGTATCTAAT-3'),,,,,,,
SRR11595390,SRA,Yes,V4,S,R,Fusarium,Fusarium oxysporum f. sp. cubense TR4,Banana,PRJNA627608,PRJNA627608,China:Hainan,Y,,515F/806R,F515 (5'-GTGCCAGCMGCCGCGGTAA-3') and R806 (5'-GGACTACVSGGGTATCTAAT-3'),,,,,,,
SRR11595391,SRA,Yes,V4,S,R,Fusarium,Fusarium oxysporum f. sp. cubense TR4,Banana,PRJNA627608,PRJNA627608,China:Hainan,Y,,515F/806R,F515 (5'-GTGCCAGCMGCCGCGGTAA-3') and R806 (5'-GGACTACVSGGGTATCTAAT-3'),,,,,,,
SRR11595392,SRA,Yes,V4,S,R,Fusarium,Fusarium oxysporum f. sp. cubense TR4,Banana,PRJNA627608,PRJNA627608,China:Hainan,Y,,515F/806R,F515 (5'-GTGCCAGCMGCCGCGGTAA-3') and R806 (5'-GGACTACVSGGGTATCTAAT-3'),,,,,,,
SRR11595393,SRA,Yes,V4,S,R,Fusarium,Fusarium oxysporum f. sp. cubense TR4,Banana,PRJNA627608,PRJNA627608,China:Hainan,Y,,515F/806R,F515 (5'-GTGCCAGCMGCCGCGGTAA-3') and R806 (5'-GGACTACVSGGGTATCTAAT-3'),,,,,,,
SRR11595394,SRA,Yes,V4,S,R,Fusarium,Fusarium oxysporum f. sp. cubense TR4,Banana,PRJNA627608,PRJNA627608,China:Hainan,Y,,515F/806R,F515 (5'-GTGCCAGCMGCCGCGGTAA-3') and R806 (5'-GGACTACVSGGGTATCTAAT-3'),,,,,,,
SRR11595395,SRA,Yes,V4,S,R,Fusarium,Fusarium oxysporum f. sp. cubense TR4,Banana,PRJNA627608,PRJNA627608,China:Hainan,Y,,515F/806R,F515 (5'-GTGCCAGCMGCCGCGGTAA-3') and R806 (5'-GGACTACVSGGGTATCTAAT-3'),,,,,,,
SRR11595396,SRA,Yes,V4,S,R,Fusarium,Fusarium oxysporum f. sp. cubense TR4,Banana,PRJNA627608,PRJNA627608,China:Hainan,Y,,515F/806R,F515 (5'-GTGCCAGCMGCCGCGGTAA-3') and R806 (5'-GGACTACVSGGGTATCTAAT-3'),,,,,,,
SRR11595397,SRA,Yes,V4,S,R,Fusarium,Fusarium oxysporum f. sp. cubense TR4,Banana,PRJNA627608,PRJNA627608,China:Hainan,Y,,515F/806R,F515 (5'-GTGCCAGCMGCCGCGGTAA-3') and R806 (5'-GGACTACVSGGGTATCTAAT-3'),,,,,,,
SRR11595398,SRA,Yes,V4,S,R,Fusarium,Fusarium oxysporum f. sp. cubense TR4,Banana,PRJNA627608,PRJNA627608,China:Hainan,Y,,515F/806R,F515 (5'-GTGCCAGCMGCCGCGGTAA-3') and R806 (5'-GGACTACVSGGGTATCTAAT-3'),,,,,,,
SRR11595399,SRA,Yes,V4,C,R,Fusarium,Fusarium oxysporum f. sp. cubense TR4,Banana,PRJNA627608,PRJNA627608,China:Hainan,Y,,515F/806R,F515 (5'-GTGCCAGCMGCCGCGGTAA-3') and R806 (5'-GGACTACVSGGGTATCTAAT-3'),,,,,,,
SRR11595400,SRA,Yes,V4,S,R,Fusarium,Fusarium oxysporum f. sp. cubense TR4,Banana,PRJNA627608,PRJNA627608,China:Hainan,Y,,515F/806R,F515 (5'-GTGCCAGCMGCCGCGGTAA-3') and R806 (5'-GGACTACVSGGGTATCTAAT-3'),,,,,,,
SRR11595401,SRA,Yes,V4,S,R,Fusarium,Fusarium oxysporum f. sp. cubense TR4,Banana,PRJNA627608,PRJNA627608,China:Hainan,Y,,515F/806R,F515 (5'-GTGCCAGCMGCCGCGGTAA-3') and R806 (5'-GGACTACVSGGGTATCTAAT-3'),,,,,,,
SRR11595402,SRA,Yes,V4,C,R,Fusarium,Fusarium oxysporum f. sp. cubense TR4,Banana,PRJNA627608,PRJNA627608,China:Hainan,Y,,515F/806R,F515 (5'-GTGCCAGCMGCCGCGGTAA-3') and R806 (5'-GGACTACVSGGGTATCTAAT-3'),,,,,,,
SRR11595403,SRA,Yes,V4,C,R,Fusarium,Fusarium oxysporum f. sp. cubense TR4,Banana,PRJNA627608,PRJNA627608,China:Hainan,Y,,515F/806R,F515 (5'-GTGCCAGCMGCCGCGGTAA-3') and R806 (5'-GGACTACVSGGGTATCTAAT-3'),,,,,,,
SRR11595404,SRA,Yes,V4,C,R,Fusarium,Fusarium oxysporum f. sp. cubense TR4,Banana,PRJNA627608,PRJNA627608,China:Hainan,Y,,515F/806R,F515 (5'-GTGCCAGCMGCCGCGGTAA-3') and R806 (5'-GGACTACVSGGGTATCTAAT-3'),,,,,,,
SRR11595405,SRA,Yes,V4,C,R,Fusarium,Fusarium oxysporum f. sp. cubense TR4,Banana,PRJNA627608,PRJNA627608,China:Hainan,Y,,515F/806R,F515 (5'-GTGCCAGCMGCCGCGGTAA-3') and R806 (5'-GGACTACVSGGGTATCTAAT-3'),,,,,,,
SRR11595406,SRA,Yes,V4,C,R,Fusarium,Fusarium oxysporum f. sp. cubense TR4,Banana,PRJNA627608,PRJNA627608,China:Hainan,Y,,515F/806R,F515 (5'-GTGCCAGCMGCCGCGGTAA-3') and R806 (5'-GGACTACVSGGGTATCTAAT-3'),,,,,,,
SRR11595407,SRA,Yes,V4,C,R,Fusarium,Fusarium oxysporum f. sp. cubense TR4,Banana,PRJNA627608,PRJNA627608,China:Hainan,Y,,515F/806R,F515 (5'-GTGCCAGCMGCCGCGGTAA-3') and R806 (5'-GGACTACVSGGGTATCTAAT-3'),,,,,,,
SRR11595408,SRA,Yes,V4,C,R,Fusarium,Fusarium oxysporum f. sp. cubense TR4,Banana,PRJNA627608,PRJNA627608,China:Hainan,Y,,515F/806R,F515 (5'-GTGCCAGCMGCCGCGGTAA-3') and R806 (5'-GGACTACVSGGGTATCTAAT-3'),,,,,,,
SRR11595409,SRA,Yes,V4,C,R,Fusarium,Fusarium oxysporum f. sp. cubense TR4,Banana,PRJNA627608,PRJNA627608,China:Hainan,Y,,515F/806R,F515 (5'-GTGCCAGCMGCCGCGGTAA-3') and R806 (5'-GGACTACVSGGGTATCTAAT-3'),,,,,,,
SRR11595410,SRA,Yes,V4,C,R,Fusarium,Fusarium oxysporum f. sp. cubense TR4,Banana,PRJNA627608,PRJNA627608,China:Hainan,Y,,515F/806R,F515 (5'-GTGCCAGCMGCCGCGGTAA-3') and R806 (5'-GGACTACVSGGGTATCTAAT-3'),,,,,,,
SRR11595411,SRA,Yes,V4,C,R,Fusarium,Fusarium oxysporum f. sp. cubense TR4,Banana,PRJNA627608,PRJNA627608,China:Hainan,Y,,515F/806R,F515 (5'-GTGCCAGCMGCCGCGGTAA-3') and R806 (5'-GGACTACVSGGGTATCTAAT-3'),,,,,,,
SRR6701372,SRA,Yes,V3-V4,S,R,Fusarium,Fusarium oxysporum f. sp. cubense,Banana,PRJNA432446,PRJNA432446,China:Hainan,Y,,338F/806R,338-F (5?-ACTCCTACGGGAGGCAGCAG-3?) and 806-R (5?-GGACTACHVGGGTWTCTAAT-3?),,,,,,,
SRR6701373,SRA,Yes,V3-V4,S,R,Fusarium,Fusarium oxysporum f. sp. cubense,Banana,PRJNA432446,PRJNA432446,China:Hainan,Y,,338F/806R,338-F (5?-ACTCCTACGGGAGGCAGCAG-3?) and 806-R (5?-GGACTACHVGGGTWTCTAAT-3?),,,,,,,
SRR6701374,SRA,Yes,V3-V4,C,R,Fusarium,Fusarium oxysporum f. sp. cubense,Banana,PRJNA432446,PRJNA432446,China:Hainan,Y,,338F/806R,338-F (5?-ACTCCTACGGGAGGCAGCAG-3?) and 806-R (5?-GGACTACHVGGGTWTCTAAT-3?),,,,,,,
SRR6701375,SRA,Yes,V3-V4,C,R,Fusarium,Fusarium oxysporum f. sp. cubense,Banana,PRJNA432446,PRJNA432446,China:Hainan,Y,,338F/806R,338-F (5?-ACTCCTACGGGAGGCAGCAG-3?) and 806-R (5?-GGACTACHVGGGTWTCTAAT-3?),,,,,,,
SRR6701376,SRA,Yes,V3-V4,S,R,Fusarium,Fusarium oxysporum f. sp. cubense,Banana,PRJNA432446,PRJNA432446,China:Hainan,Y,,338F/806R,338-F (5?-ACTCCTACGGGAGGCAGCAG-3?) and 806-R (5?-GGACTACHVGGGTWTCTAAT-3?),,,,,,,
SRR6701377,SRA,Yes,V3-V4,C,R,Fusarium,Fusarium oxysporum f. sp. cubense,Banana,PRJNA432446,PRJNA432446,China:Hainan,Y,,338F/806R,338-F (5?-ACTCCTACGGGAGGCAGCAG-3?) and 806-R (5?-GGACTACHVGGGTWTCTAAT-3?),,,,,,,
SRR6701378,SRA,Yes,V3-V4,S,R,Fusarium,Fusarium oxysporum f. sp. cubense,Banana,PRJNA432446,PRJNA432446,China:Hainan,Y,,338F/806R,338-F (5?-ACTCCTACGGGAGGCAGCAG-3?) and 806-R (5?-GGACTACHVGGGTWTCTAAT-3?),,,,,,,
SRR6701379,SRA,Yes,V3-V4,S,R,Fusarium,Fusarium oxysporum f. sp. cubense,Banana,PRJNA432446,PRJNA432446,China:Hainan,Y,,338F/806R,338-F (5?-ACTCCTACGGGAGGCAGCAG-3?) and 806-R (5?-GGACTACHVGGGTWTCTAAT-3?),,,,,,,
SRR6701386,SRA,Yes,V3-V4,S,R,Fusarium,Fusarium oxysporum f. sp. cubense,Banana,PRJNA432446,PRJNA432446,China:Hainan,Y,,338F/806R,338-F (5?-ACTCCTACGGGAGGCAGCAG-3?) and 806-R (5?-GGACTACHVGGGTWTCTAAT-3?),,,,,,,
SRR6701387,SRA,Yes,V3-V4,C,R,Fusarium,Fusarium oxysporum f. sp. cubense,Banana,PRJNA432446,PRJNA432446,China:Hainan,Y,,338F/806R,338-F (5?-ACTCCTACGGGAGGCAGCAG-3?) and 806-R (5?-GGACTACHVGGGTWTCTAAT-3?),,,,,,,
SRR6701388,SRA,Yes,V3-V4,S,R,Fusarium,Fusarium oxysporum f. sp. cubense,Banana,PRJNA432446,PRJNA432446,China:Hainan,Y,,338F/806R,338-F (5?-ACTCCTACGGGAGGCAGCAG-3?) and 806-R (5?-GGACTACHVGGGTWTCTAAT-3?),,,,,,,
SRR6701389,SRA,Yes,V3-V4,C,R,Fusarium,Fusarium oxysporum f. sp. cubense,Banana,PRJNA432446,PRJNA432446,China:Hainan,Y,,338F/806R,338-F (5?-ACTCCTACGGGAGGCAGCAG-3?) and 806-R (5?-GGACTACHVGGGTWTCTAAT-3?),,,,,,,
SRR6701390,SRA,Yes,V3-V4,C,R,Fusarium,Fusarium oxysporum f. sp. cubense,Banana,PRJNA432446,PRJNA432446,China:Hainan,Y,,338F/806R,338-F (5?-ACTCCTACGGGAGGCAGCAG-3?) and 806-R (5?-GGACTACHVGGGTWTCTAAT-3?),,,,,,,
SRR6701391,SRA,Yes,V3-V4,C,R,Fusarium,Fusarium oxysporum f. sp. cubense,Banana,PRJNA432446,PRJNA432446,China:Hainan,Y,,338F/806R,338-F (5?-ACTCCTACGGGAGGCAGCAG-3?) and 806-R (5?-GGACTACHVGGGTWTCTAAT-3?),,,,,,,
SRR6701392,SRA,Yes,V3-V4,C,R,Fusarium,Fusarium oxysporum f. sp. cubense,Banana,PRJNA432446,PRJNA432446,China:Hainan,Y,,338F/806R,338-F (5?-ACTCCTACGGGAGGCAGCAG-3?) and 806-R (5?-GGACTACHVGGGTWTCTAAT-3?),,,,,,,
SRR6701393,SRA,Yes,V3-V4,C,R,Fusarium,Fusarium oxysporum f. sp. cubense,Banana,PRJNA432446,PRJNA432446,China:Hainan,Y,,338F/806R,338-F (5?-ACTCCTACGGGAGGCAGCAG-3?) and 806-R (5?-GGACTACHVGGGTWTCTAAT-3?),,,,,,,
SRR6701394,SRA,Yes,V3-V4,S,R,Fusarium,Fusarium oxysporum f. sp. cubense,Banana,PRJNA432446,PRJNA432446,China:Hainan,Y,,338F/806R,338-F (5?-ACTCCTACGGGAGGCAGCAG-3?) and 806-R (5?-GGACTACHVGGGTWTCTAAT-3?),,,,,,,
SRR6701395,SRA,Yes,V3-V4,S,R,Fusarium,Fusarium oxysporum f. sp. cubense,Banana,PRJNA432446,PRJNA432446,China:Hainan,Y,,338F/806R,338-F (5?-ACTCCTACGGGAGGCAGCAG-3?) and 806-R (5?-GGACTACHVGGGTWTCTAAT-3?),,,,,,,
S01_1,Comm,No,V3-V4,S,R,Fusarium,Fusarium culmorum,Wheat,Ossowicki_et_al,Ossowicki_et_al,NL,Y,,341F/785R,16S_V3-341F5’-CCTACGGGNGGCWGCAG and 16S_V4-785R 5’-GACTACHVGGGTATCTAATCC,,,,,,,
S01_2,Comm,No,V3-V4,S,R,Fusarium,Fusarium culmorum,Wheat,Ossowicki_et_al,Ossowicki_et_al,NL,Y,,341F/785R,16S_V3-341F5’-CCTACGGGNGGCWGCAG and 16S_V4-785R 5’-GACTACHVGGGTATCTAATCC,,,,,,,
S01_3,Comm,No,V3-V4,S,R,Fusarium,Fusarium culmorum,Wheat,Ossowicki_et_al,Ossowicki_et_al,NL,Y,,341F/785R,16S_V3-341F5’-CCTACGGGNGGCWGCAG and 16S_V4-785R 5’-GACTACHVGGGTATCTAATCC,,,,,,,
S01_4,Comm,No,V3-V4,S,R,Fusarium,Fusarium culmorum,Wheat,Ossowicki_et_al,Ossowicki_et_al,NL,Y,,341F/785R,16S_V3-341F5’-CCTACGGGNGGCWGCAG and 16S_V4-785R 5’-GACTACHVGGGTATCTAATCC,,,,,,,
S03_1,Comm,No,V3-V4,S,R,Fusarium,Fusarium culmorum,Wheat,Ossowicki_et_al,Ossowicki_et_al,NL,Y,,341F/785R,16S_V3-341F5’-CCTACGGGNGGCWGCAG and 16S_V4-785R 5’-GACTACHVGGGTATCTAATCC,,,,,,,
S03_2,Comm,No,V3-V4,S,R,Fusarium,Fusarium culmorum,Wheat,Ossowicki_et_al,Ossowicki_et_al,NL,Y,,341F/785R,16S_V3-341F5’-CCTACGGGNGGCWGCAG and 16S_V4-785R 5’-GACTACHVGGGTATCTAATCC,,,,,,,
S03_3,Comm,No,V3-V4,S,R,Fusarium,Fusarium culmorum,Wheat,Ossowicki_et_al,Ossowicki_et_al,NL,Y,,341F/785R,16S_V3-341F5’-CCTACGGGNGGCWGCAG and 16S_V4-785R 5’-GACTACHVGGGTATCTAATCC,,,,,,,
S03_4,Comm,No,V3-V4,S,R,Fusarium,Fusarium culmorum,Wheat,Ossowicki_et_al,Ossowicki_et_al,NL,Y,,341F/785R,16S_V3-341F5’-CCTACGGGNGGCWGCAG and 16S_V4-785R 5’-GACTACHVGGGTATCTAATCC,,,,,,,
S11_1,Comm,No,V3-V4,S,R,Fusarium,Fusarium culmorum,Wheat,Ossowicki_et_al,Ossowicki_et_al,NL,Y,,341F/785R,16S_V3-341F5’-CCTACGGGNGGCWGCAG and 16S_V4-785R 5’-GACTACHVGGGTATCTAATCC,,,,,,,
S11_2,Comm,No,V3-V4,S,R,Fusarium,Fusarium culmorum,Wheat,Ossowicki_et_al,Ossowicki_et_al,NL,Y,,341F/785R,16S_V3-341F5’-CCTACGGGNGGCWGCAG and 16S_V4-785R 5’-GACTACHVGGGTATCTAATCC,,,,,,,
S11_3,Comm,No,V3-V4,S,R,Fusarium,Fusarium culmorum,Wheat,Ossowicki_et_al,Ossowicki_et_al,NL,Y,,341F/785R,16S_V3-341F5’-CCTACGGGNGGCWGCAG and 16S_V4-785R 5’-GACTACHVGGGTATCTAATCC,,,,,,,
S11_4,Comm,No,V3-V4,S,R,Fusarium,Fusarium culmorum,Wheat,Ossowicki_et_al,Ossowicki_et_al,NL,Y,,341F/785R,16S_V3-341F5’-CCTACGGGNGGCWGCAG and 16S_V4-785R 5’-GACTACHVGGGTATCTAATCC,,,,,,,
S28_1,Comm,No,V3-V4,S,R,Fusarium,Fusarium culmorum,Wheat,Ossowicki_et_al,Ossowicki_et_al,NL,Y,,341F/785R,16S_V3-341F5’-CCTACGGGNGGCWGCAG and 16S_V4-785R 5’-GACTACHVGGGTATCTAATCC,,,,,,,
S28_2,Comm,No,V3-V4,S,R,Fusarium,Fusarium culmorum,Wheat,Ossowicki_et_al,Ossowicki_et_al,NL,Y,,341F/785R,16S_V3-341F5’-CCTACGGGNGGCWGCAG and 16S_V4-785R 5’-GACTACHVGGGTATCTAATCC,,,,,,,
S28_3,Comm,No,V3-V4,S,R,Fusarium,Fusarium culmorum,Wheat,Ossowicki_et_al,Ossowicki_et_al,NL,Y,,341F/785R,16S_V3-341F5’-CCTACGGGNGGCWGCAG and 16S_V4-785R 5’-GACTACHVGGGTATCTAATCC,,,,,,,
S28_4,Comm,No,V3-V4,S,R,Fusarium,Fusarium culmorum,Wheat,Ossowicki_et_al,Ossowicki_et_al,NL,Y,,341F/785R,16S_V3-341F5’-CCTACGGGNGGCWGCAG and 16S_V4-785R 5’-GACTACHVGGGTATCTAATCC,,,,,,,
S08_1,Comm,No,V3-V4,C,R,Fusarium,Fusarium culmorum,Wheat,Ossowicki_et_al,Ossowicki_et_al,NL,Y,,341F/785R,16S_V3-341F5’-CCTACGGGNGGCWGCAG and 16S_V4-785R 5’-GACTACHVGGGTATCTAATCC,,,,,,,
S08_2,Comm,No,V3-V4,C,R,Fusarium,Fusarium culmorum,Wheat,Ossowicki_et_al,Ossowicki_et_al,NL,Y,,341F/785R,16S_V3-341F5’-CCTACGGGNGGCWGCAG and 16S_V4-785R 5’-GACTACHVGGGTATCTAATCC,,,,,,,
S08_3,Comm,No,V3-V4,C,R,Fusarium,Fusarium culmorum,Wheat,Ossowicki_et_al,Ossowicki_et_al,NL,Y,,341F/785R,16S_V3-341F5’-CCTACGGGNGGCWGCAG and 16S_V4-785R 5’-GACTACHVGGGTATCTAATCC,,,,,,,
S08_4,Comm,No,V3-V4,C,R,Fusarium,Fusarium culmorum,Wheat,Ossowicki_et_al,Ossowicki_et_al,NL,Y,,341F/785R,16S_V3-341F5’-CCTACGGGNGGCWGCAG and 16S_V4-785R 5’-GACTACHVGGGTATCTAATCC,,,,,,,
S14_1,Comm,No,V3-V4,C,R,Fusarium,Fusarium culmorum,Wheat,Ossowicki_et_al,Ossowicki_et_al,NL,Y,,341F/785R,16S_V3-341F5’-CCTACGGGNGGCWGCAG and 16S_V4-785R 5’-GACTACHVGGGTATCTAATCC,,,,,,,
S14_2,Comm,No,V3-V4,C,R,Fusarium,Fusarium culmorum,Wheat,Ossowicki_et_al,Ossowicki_et_al,NL,Y,,341F/785R,16S_V3-341F5’-CCTACGGGNGGCWGCAG and 16S_V4-785R 5’-GACTACHVGGGTATCTAATCC,,,,,,,
S14_3,Comm,No,V3-V4,C,R,Fusarium,Fusarium culmorum,Wheat,Ossowicki_et_al,Ossowicki_et_al,NL,Y,,341F/785R,16S_V3-341F5’-CCTACGGGNGGCWGCAG and 16S_V4-785R 5’-GACTACHVGGGTATCTAATCC,,,,,,,
S14_4,Comm,No,V3-V4,C,R,Fusarium,Fusarium culmorum,Wheat,Ossowicki_et_al,Ossowicki_et_al,NL,Y,,341F/785R,16S_V3-341F5’-CCTACGGGNGGCWGCAG and 16S_V4-785R 5’-GACTACHVGGGTATCTAATCC,,,,,,,
S15_1,Comm,No,V3-V4,C,R,Fusarium,Fusarium culmorum,Wheat,Ossowicki_et_al,Ossowicki_et_al,NL,Y,,341F/785R,16S_V3-341F5’-CCTACGGGNGGCWGCAG and 16S_V4-785R 5’-GACTACHVGGGTATCTAATCC,,,,,,,
S15_2,Comm,No,V3-V4,C,R,Fusarium,Fusarium culmorum,Wheat,Ossowicki_et_al,Ossowicki_et_al,NL,Y,,341F/785R,16S_V3-341F5’-CCTACGGGNGGCWGCAG and 16S_V4-785R 5’-GACTACHVGGGTATCTAATCC,,,,,,,
S15_3,Comm,No,V3-V4,C,R,Fusarium,Fusarium culmorum,Wheat,Ossowicki_et_al,Ossowicki_et_al,NL,Y,,341F/785R,16S_V3-341F5’-CCTACGGGNGGCWGCAG and 16S_V4-785R 5’-GACTACHVGGGTATCTAATCC,,,,,,,
S15_4,Comm,No,V3-V4,C,R,Fusarium,Fusarium culmorum,Wheat,Ossowicki_et_al,Ossowicki_et_al,NL,Y,,341F/785R,16S_V3-341F5’-CCTACGGGNGGCWGCAG and 16S_V4-785R 5’-GACTACHVGGGTATCTAATCC,,,,,,,
S17_1,Comm,No,V3-V4,C,R,Fusarium,Fusarium culmorum,Wheat,Ossowicki_et_al,Ossowicki_et_al,NL,Y,,341F/785R,16S_V3-341F5’-CCTACGGGNGGCWGCAG and 16S_V4-785R 5’-GACTACHVGGGTATCTAATCC,,,,,,,
S17_2,Comm,No,V3-V4,C,R,Fusarium,Fusarium culmorum,Wheat,Ossowicki_et_al,Ossowicki_et_al,NL,Y,,341F/785R,16S_V3-341F5’-CCTACGGGNGGCWGCAG and 16S_V4-785R 5’-GACTACHVGGGTATCTAATCC,,,,,,,
S17_3,Comm,No,V3-V4,C,R,Fusarium,Fusarium culmorum,Wheat,Ossowicki_et_al,Ossowicki_et_al,NL,Y,,341F/785R,16S_V3-341F5’-CCTACGGGNGGCWGCAG and 16S_V4-785R 5’-GACTACHVGGGTATCTAATCC,,,,,,,
S17_4,Comm,No,V3-V4,C,R,Fusarium,Fusarium culmorum,Wheat,Ossowicki_et_al,Ossowicki_et_al,NL,Y,,341F/785R,16S_V3-341F5’-CCTACGGGNGGCWGCAG and 16S_V4-785R 5’-GACTACHVGGGTATCTAATCC,,,,,,,
S06_1,Comm,No,V3-V4,C,R,Fusarium,Fusarium culmorum,Wheat,Ossowicki_et_al,Ossowicki_et_al,NL,Y,,341F/785R,16S_V3-341F5’-CCTACGGGNGGCWGCAG and 16S_V4-785R 5’-GACTACHVGGGTATCTAATCC,,,,,,,
S06_2,Comm,No,V3-V4,C,R,Fusarium,Fusarium culmorum,Wheat,Ossowicki_et_al,Ossowicki_et_al,NL,Y,,341F/785R,16S_V3-341F5’-CCTACGGGNGGCWGCAG and 16S_V4-785R 5’-GACTACHVGGGTATCTAATCC,,,,,,,
S06_3,Comm,No,V3-V4,C,R,Fusarium,Fusarium culmorum,Wheat,Ossowicki_et_al,Ossowicki_et_al,NL,Y,,341F/785R,16S_V3-341F5’-CCTACGGGNGGCWGCAG and 16S_V4-785R 5’-GACTACHVGGGTATCTAATCC,,,,,,,
S06_4,Comm,No,V3-V4,C,R,Fusarium,Fusarium culmorum,Wheat,Ossowicki_et_al,Ossowicki_et_al,NL,Y,,341F/785R,16S_V3-341F5’-CCTACGGGNGGCWGCAG and 16S_V4-785R 5’-GACTACHVGGGTATCTAATCC,,,,,,,
B1,Comm,No,V4,C,R,Rizoctonia Solani AG2-2IIIB,Rizoctonia Solani AG2-2IIIB,Sugar beet,Exposito_et_al,Exposito_et_al,NL,Y,B_cyc1_1,515F/806R,Foward 5’-GTGCCAGCMGCCGCGGTAA-3’ and Reverse: 5’-GGACTACHVGGGTWTCTAAT-3’.,,,,,,,
B2,Comm,No,V4,C,R,Rizoctonia Solani AG2-2IIIB,Rizoctonia Solani AG2-2IIIB,Sugar beet,Exposito_et_al,Exposito_et_al,NL,Y,B_cyc1_2,515F/806R,Foward 5’-GTGCCAGCMGCCGCGGTAA-3’ and Reverse: 5’-GGACTACHVGGGTWTCTAAT-3’.,,,,,,,
B3,Comm,No,V4,C,R,Rizoctonia Solani AG2-2IIIB,Rizoctonia Solani AG2-2IIIB,Sugar beet,Exposito_et_al,Exposito_et_al,NL,Y,B_cyc1_3,515F/806R,Foward 5’-GTGCCAGCMGCCGCGGTAA-3’ and Reverse: 5’-GGACTACHVGGGTWTCTAAT-3’.,,,,,,,
B4,Comm,No,V4,C,R,Rizoctonia Solani AG2-2IIIB,Rizoctonia Solani AG2-2IIIB,Sugar beet,Exposito_et_al,Exposito_et_al,NL,Y,B_cyc1_4,515F/806R,Foward 5’-GTGCCAGCMGCCGCGGTAA-3’ and Reverse: 5’-GGACTACHVGGGTWTCTAAT-3’.,,,,,,,
B5,Comm,No,V4,C,R,Rizoctonia Solani AG2-2IIIB,Rizoctonia Solani AG2-2IIIB,Sugar beet,Exposito_et_al,Exposito_et_al,NL,Y,B_cyc4_1,515F/806R,Foward 5’-GTGCCAGCMGCCGCGGTAA-3’ and Reverse: 5’-GGACTACHVGGGTWTCTAAT-3’.,,,,,,,
B6,Comm,No,V4,C,R,Rizoctonia Solani AG2-2IIIB,Rizoctonia Solani AG2-2IIIB,Sugar beet,Exposito_et_al,Exposito_et_al,NL,Y,B_cyc4_2,515F/806R,Foward 5’-GTGCCAGCMGCCGCGGTAA-3’ and Reverse: 5’-GGACTACHVGGGTWTCTAAT-3’.,,,,,,,
B7,Comm,No,V4,C,R,Rizoctonia Solani AG2-2IIIB,Rizoctonia Solani AG2-2IIIB,Sugar beet,Exposito_et_al,Exposito_et_al,NL,Y,B_cyc4_3,515F/806R,Foward 5’-GTGCCAGCMGCCGCGGTAA-3’ and Reverse: 5’-GGACTACHVGGGTWTCTAAT-3’.,,,,,,,
B8,Comm,No,V4,C,R,Rizoctonia Solani AG2-2IIIB,Rizoctonia Solani AG2-2IIIB,Sugar beet,Exposito_et_al,Exposito_et_al,NL,Y,B_cyc4_4,515F/806R,Foward 5’-GTGCCAGCMGCCGCGGTAA-3’ and Reverse: 5’-GGACTACHVGGGTWTCTAAT-3’.,,,,,,,
B9,Comm,No,V4,C,R,Rizoctonia Solani AG2-2IIIB,Rizoctonia Solani AG2-2IIIB,Sugar beet,Exposito_et_al,Exposito_et_al,NL,Y,B_cyc7_1,515F/806R,Foward 5’-GTGCCAGCMGCCGCGGTAA-3’ and Reverse: 5’-GGACTACHVGGGTWTCTAAT-3’.,,,,,,,
B10,Comm,No,V4,C,R,Rizoctonia Solani AG2-2IIIB,Rizoctonia Solani AG2-2IIIB,Sugar beet,Exposito_et_al,Exposito_et_al,NL,Y,B_cyc7_2,515F/806R,Foward 5’-GTGCCAGCMGCCGCGGTAA-3’ and Reverse: 5’-GGACTACHVGGGTWTCTAAT-3’.,,,,,,,
B11,Comm,No,V4,C,R,Rizoctonia Solani AG2-2IIIB,Rizoctonia Solani AG2-2IIIB,Sugar beet,Exposito_et_al,Exposito_et_al,NL,Y,B_cyc7_3,515F/806R,Foward 5’-GTGCCAGCMGCCGCGGTAA-3’ and Reverse: 5’-GGACTACHVGGGTWTCTAAT-3’.,,,,,,,
B12,Comm,No,V4,C,R,Rizoctonia Solani AG2-2IIIB,Rizoctonia Solani AG2-2IIIB,Sugar beet,Exposito_et_al,Exposito_et_al,NL,Y,B_cyc7_4,515F/806R,Foward 5’-GTGCCAGCMGCCGCGGTAA-3’ and Reverse: 5’-GGACTACHVGGGTWTCTAAT-3’.,,,,,,,
B13,Comm,No,V4,C,R,Rizoctonia Solani AG2-2IIIB,Rizoctonia Solani AG2-2IIIB,Sugar beet,Exposito_et_al,Exposito_et_al,NL,Y,B_cyc8_1,515F/806R,Foward 5’-GTGCCAGCMGCCGCGGTAA-3’ and Reverse: 5’-GGACTACHVGGGTWTCTAAT-3’.,,,,,,,
B14,Comm,No,V4,C,R,Rizoctonia Solani AG2-2IIIB,Rizoctonia Solani AG2-2IIIB,Sugar beet,Exposito_et_al,Exposito_et_al,NL,Y,B_cyc8_2,515F/806R,Foward 5’-GTGCCAGCMGCCGCGGTAA-3’ and Reverse: 5’-GGACTACHVGGGTWTCTAAT-3’.,,,,,,,
B15,Comm,No,V4,C,R,Rizoctonia Solani AG2-2IIIB,Rizoctonia Solani AG2-2IIIB,Sugar beet,Exposito_et_al,Exposito_et_al,NL,Y,B_cyc8_3,515F/806R,Foward 5’-GTGCCAGCMGCCGCGGTAA-3’ and Reverse: 5’-GGACTACHVGGGTWTCTAAT-3’.,,,,,,,
B16,Comm,No,V4,C,R,Rizoctonia Solani AG2-2IIIB,Rizoctonia Solani AG2-2IIIB,Sugar beet,Exposito_et_al,Exposito_et_al,NL,Y,B_cyc8_4,515F/806R,Foward 5’-GTGCCAGCMGCCGCGGTAA-3’ and Reverse: 5’-GGACTACHVGGGTWTCTAAT-3’.,,,,,,,
R1,Comm,No,V4,C,R,Rizoctonia Solani AG2-2IIIB,Rizoctonia Solani AG2-2IIIB,Sugar beet,Exposito_et_al,Exposito_et_al,NL,Y,B+R_cyc1_1,515F/806R,Foward 5’-GTGCCAGCMGCCGCGGTAA-3’ and Reverse: 5’-GGACTACHVGGGTWTCTAAT-3’.,,,,,,,
R2,Comm,No,V4,C,R,Rizoctonia Solani AG2-2IIIB,Rizoctonia Solani AG2-2IIIB,Sugar beet,Exposito_et_al,Exposito_et_al,NL,Y,B+R_cyc1_2,515F/806R,Foward 5’-GTGCCAGCMGCCGCGGTAA-3’ and Reverse: 5’-GGACTACHVGGGTWTCTAAT-3’.,,,,,,,
R3,Comm,No,V4,C,R,Rizoctonia Solani AG2-2IIIB,Rizoctonia Solani AG2-2IIIB,Sugar beet,Exposito_et_al,Exposito_et_al,NL,Y,B+R_cyc1_3,515F/806R,Foward 5’-GTGCCAGCMGCCGCGGTAA-3’ and Reverse: 5’-GGACTACHVGGGTWTCTAAT-3’.,,,,,,,
R4,Comm,No,V4,C,R,Rizoctonia Solani AG2-2IIIB,Rizoctonia Solani AG2-2IIIB,Sugar beet,Exposito_et_al,Exposito_et_al,NL,Y,B+R_cyc1_4,515F/806R,Foward 5’-GTGCCAGCMGCCGCGGTAA-3’ and Reverse: 5’-GGACTACHVGGGTWTCTAAT-3’.,,,,,,,
R5,Comm,No,V4,C,R,Rizoctonia Solani AG2-2IIIB,Rizoctonia Solani AG2-2IIIB,Sugar beet,Exposito_et_al,Exposito_et_al,NL,Y,B+R_cyc4_1,515F/806R,Foward 5’-GTGCCAGCMGCCGCGGTAA-3’ and Reverse: 5’-GGACTACHVGGGTWTCTAAT-3’.,,,,,,,
R6,Comm,No,V4,C,R,Rizoctonia Solani AG2-2IIIB,Rizoctonia Solani AG2-2IIIB,Sugar beet,Exposito_et_al,Exposito_et_al,NL,Y,B+R_cyc4_2,515F/806R,Foward 5’-GTGCCAGCMGCCGCGGTAA-3’ and Reverse: 5’-GGACTACHVGGGTWTCTAAT-3’.,,,,,,,
R7,Comm,No,V4,C,R,Rizoctonia Solani AG2-2IIIB,Rizoctonia Solani AG2-2IIIB,Sugar beet,Exposito_et_al,Exposito_et_al,NL,Y,B+R_cyc4_3,515F/806R,Foward 5’-GTGCCAGCMGCCGCGGTAA-3’ and Reverse: 5’-GGACTACHVGGGTWTCTAAT-3’.,,,,,,,
R8,Comm,No,V4,C,R,Rizoctonia Solani AG2-2IIIB,Rizoctonia Solani AG2-2IIIB,Sugar beet,Exposito_et_al,Exposito_et_al,NL,Y,B+R_cyc4_4,515F/806R,Foward 5’-GTGCCAGCMGCCGCGGTAA-3’ and Reverse: 5’-GGACTACHVGGGTWTCTAAT-3’.,,,,,,,
R9,Comm,No,V4,S,R,Rizoctonia Solani AG2-2IIIB,Rizoctonia Solani AG2-2IIIB,Sugar beet,Exposito_et_al,Exposito_et_al,NL,Y,B+R_cyc7_1,515F/806R,Foward 5’-GTGCCAGCMGCCGCGGTAA-3’ and Reverse: 5’-GGACTACHVGGGTWTCTAAT-3’.,,,,,,,
R10,Comm,No,V4,S,R,Rizoctonia Solani AG2-2IIIB,Rizoctonia Solani AG2-2IIIB,Sugar beet,Exposito_et_al,Exposito_et_al,NL,Y,B+R_cyc7_2,515F/806R,Foward 5’-GTGCCAGCMGCCGCGGTAA-3’ and Reverse: 5’-GGACTACHVGGGTWTCTAAT-3’.,,,,,,,
R11,Comm,No,V4,S,R,Rizoctonia Solani AG2-2IIIB,Rizoctonia Solani AG2-2IIIB,Sugar beet,Exposito_et_al,Exposito_et_al,NL,Y,B+R_cyc7_3,515F/806R,Foward 5’-GTGCCAGCMGCCGCGGTAA-3’ and Reverse: 5’-GGACTACHVGGGTWTCTAAT-3’.,,,,,,,
R12,Comm,No,V4,S,R,Rizoctonia Solani AG2-2IIIB,Rizoctonia Solani AG2-2IIIB,Sugar beet,Exposito_et_al,Exposito_et_al,NL,Y,B+R_cyc7_4,515F/806R,Foward 5’-GTGCCAGCMGCCGCGGTAA-3’ and Reverse: 5’-GGACTACHVGGGTWTCTAAT-3’.,,,,,,,
R13,Comm,No,V4,S,R,Rizoctonia Solani AG2-2IIIB,Rizoctonia Solani AG2-2IIIB,Sugar beet,Exposito_et_al,Exposito_et_al,NL,Y,B+R_cyc8_1,515F/806R,Foward 5’-GTGCCAGCMGCCGCGGTAA-3’ and Reverse: 5’-GGACTACHVGGGTWTCTAAT-3’.,,,,,,,
R14,Comm,No,V4,S,R,Rizoctonia Solani AG2-2IIIB,Rizoctonia Solani AG2-2IIIB,Sugar beet,Exposito_et_al,Exposito_et_al,NL,Y,B+R_cyc8_2,515F/806R,Foward 5’-GTGCCAGCMGCCGCGGTAA-3’ and Reverse: 5’-GGACTACHVGGGTWTCTAAT-3’.,,,,,,,
R15,Comm,No,V4,S,R,Rizoctonia Solani AG2-2IIIB,Rizoctonia Solani AG2-2IIIB,Sugar beet,Exposito_et_al,Exposito_et_al,NL,Y,B+R_cyc8_3,515F/806R,Foward 5’-GTGCCAGCMGCCGCGGTAA-3’ and Reverse: 5’-GGACTACHVGGGTWTCTAAT-3’.,,,,,,,
R16,Comm,No,V4,S,R,Rizoctonia Solani AG2-2IIIB,Rizoctonia Solani AG2-2IIIB,Sugar beet,Exposito_et_al,Exposito_et_al,NL,Y,B+R_cyc8_4,515F/806R,Foward 5’-GTGCCAGCMGCCGCGGTAA-3’ and Reverse: 5’-GGACTACHVGGGTWTCTAAT-3’.,,,,,,,
C1,Comm,No,V4,C,R,Rizoctonia Solani AG2-2IIIB,Rizoctonia Solani AG2-2IIIB,Sugar beet,Exposito_et_al,Exposito_et_al,NL,Y,C_cyc7_1,515F/806R,Foward 5’-GTGCCAGCMGCCGCGGTAA-3’ and Reverse: 5’-GGACTACHVGGGTWTCTAAT-3’.,,,,,,,
C2,Comm,No,V4,C,R,Rizoctonia Solani AG2-2IIIB,Rizoctonia Solani AG2-2IIIB,Sugar beet,Exposito_et_al,Exposito_et_al,NL,Y,C_cyc7_2,515F/806R,Foward 5’-GTGCCAGCMGCCGCGGTAA-3’ and Reverse: 5’-GGACTACHVGGGTWTCTAAT-3’.,,,,,,,
C3,Comm,No,V4,C,R,Rizoctonia Solani AG2-2IIIB,Rizoctonia Solani AG2-2IIIB,Sugar beet,Exposito_et_al,Exposito_et_al,NL,Y,C_cyc7_3,515F/806R,Foward 5’-GTGCCAGCMGCCGCGGTAA-3’ and Reverse: 5’-GGACTACHVGGGTWTCTAAT-3’.,,,,,,,
C4,Comm,No,V4,C,R,Rizoctonia Solani AG2-2IIIB,Rizoctonia Solani AG2-2IIIB,Sugar beet,Exposito_et_al,Exposito_et_al,NL,Y,C_cyc7_4,515F/806R,Foward 5’-GTGCCAGCMGCCGCGGTAA-3’ and Reverse: 5’-GGACTACHVGGGTWTCTAAT-3’.,,,,,,,
C5,Comm,No,V4,C,R,Rizoctonia Solani AG2-2IIIB,Rizoctonia Solani AG2-2IIIB,Sugar beet,Exposito_et_al,Exposito_et_al,NL,Y,C_cyc8_1,515F/806R,Foward 5’-GTGCCAGCMGCCGCGGTAA-3’ and Reverse: 5’-GGACTACHVGGGTWTCTAAT-3’.,,,,,,,
C6,Comm,No,V4,C,R,Rizoctonia Solani AG2-2IIIB,Rizoctonia Solani AG2-2IIIB,Sugar beet,Exposito_et_al,Exposito_et_al,NL,Y,C_cyc8_2,515F/806R,Foward 5’-GTGCCAGCMGCCGCGGTAA-3’ and Reverse: 5’-GGACTACHVGGGTWTCTAAT-3’.,,,,,,,
C7,Comm,No,V4,C,R,Rizoctonia Solani AG2-2IIIB,Rizoctonia Solani AG2-2IIIB,Sugar beet,Exposito_et_al,Exposito_et_al,NL,Y,C_cyc8_3,515F/806R,Foward 5’-GTGCCAGCMGCCGCGGTAA-3’ and Reverse: 5’-GGACTACHVGGGTWTCTAAT-3’.,,,,,,,
C8,Comm,No,V4,C,R,Rizoctonia Solani AG2-2IIIB,Rizoctonia Solani AG2-2IIIB,Sugar beet,Exposito_et_al,Exposito_et_al,NL,Y,C_cyc8_4,515F/806R,Foward 5’-GTGCCAGCMGCCGCGGTAA-3’ and Reverse: 5’-GGACTACHVGGGTWTCTAAT-3’.,,,,,,,
67_12,Comm,No,V3-V4,C,R,Bipolaris sorokiniana,Bipolaris sorokiniana,Wheat,Abreu_et_al,Abreu_et_al,NL,Y,,515F/806R,515F (forward primer 5?-GTGCCAGCMGCCGCGGTAA-3?) and 806R (reverse primer???5?-GGAC TACHVGGGTWTCTAAT-3?),,,,,,,
68_3,Comm,No,V3-V4,C,R,Bipolaris sorokiniana,Bipolaris sorokiniana,Wheat,Abreu_et_al,Abreu_et_al,NL,Y,,515F/806R,515F (forward primer 5?-GTGCCAGCMGCCGCGGTAA-3?) and 806R (reverse primer???5?-GGAC TACHVGGGTWTCTAAT-3?),,,,,,,
69_9,Comm,No,V3-V4,C,R,Bipolaris sorokiniana,Bipolaris sorokiniana,Wheat,Abreu_et_al,Abreu_et_al,NL,Y,,515F/806R,515F (forward primer 5?-GTGCCAGCMGCCGCGGTAA-3?) and 806R (reverse primer???5?-GGAC TACHVGGGTWTCTAAT-3?),,,,,,,
70_10,Comm,No,V3-V4,C,R,Bipolaris sorokiniana,Bipolaris sorokiniana,Wheat,Abreu_et_al,Abreu_et_al,NL,Y,,515F/806R,515F (forward primer 5?-GTGCCAGCMGCCGCGGTAA-3?) and 806R (reverse primer???5?-GGAC TACHVGGGTWTCTAAT-3?),,,,,,,
71_4,Comm,No,V3-V4,C,R,Bipolaris sorokiniana,Bipolaris sorokiniana,Wheat,Abreu_et_al,Abreu_et_al,NL,Y,,515F/806R,515F (forward primer 5?-GTGCCAGCMGCCGCGGTAA-3?) and 806R (reverse primer???5?-GGAC TACHVGGGTWTCTAAT-3?),,,,,,,
72_11,Comm,No,V3-V4,C,R,Bipolaris sorokiniana,Bipolaris sorokiniana,Wheat,Abreu_et_al,Abreu_et_al,NL,Y,,515F/806R,515F (forward primer 5?-GTGCCAGCMGCCGCGGTAA-3?) and 806R (reverse primer???5?-GGAC TACHVGGGTWTCTAAT-3?),,,,,,,
169_2,Comm,No,V3-V4,C,R,Bipolaris sorokiniana,Bipolaris sorokiniana,Wheat,Abreu_et_al,Abreu_et_al,NL,Y,,515F/806R,515F (forward primer 5?-GTGCCAGCMGCCGCGGTAA-3?) and 806R (reverse primer???5?-GGAC TACHVGGGTWTCTAAT-3?),,,,,,,
170_7,Comm,No,V3-V4,C,R,Bipolaris sorokiniana,Bipolaris sorokiniana,Wheat,Abreu_et_al,Abreu_et_al,NL,Y,,515F/806R,515F (forward primer 5?-GTGCCAGCMGCCGCGGTAA-3?) and 806R (reverse primer???5?-GGAC TACHVGGGTWTCTAAT-3?),,,,,,,
171_8,Comm,No,V3-V4,C,R,Bipolaris sorokiniana,Bipolaris sorokiniana,Wheat,Abreu_et_al,Abreu_et_al,NL,Y,,515F/806R,515F (forward primer 5?-GTGCCAGCMGCCGCGGTAA-3?) and 806R (reverse primer???5?-GGAC TACHVGGGTWTCTAAT-3?),,,,,,,
172_1,Comm,No,V3-V4,C,R,Bipolaris sorokiniana,Bipolaris sorokiniana,Wheat,Abreu_et_al,Abreu_et_al,NL,Y,,515F/806R,515F (forward primer 5?-GTGCCAGCMGCCGCGGTAA-3?) and 806R (reverse primer???5?-GGAC TACHVGGGTWTCTAAT-3?),,,,,,,
173_6,Comm,No,V3-V4,C,R,Bipolaris sorokiniana,Bipolaris sorokiniana,Wheat,Abreu_et_al,Abreu_et_al,NL,Y,,515F/806R,515F (forward primer 5?-GTGCCAGCMGCCGCGGTAA-3?) and 806R (reverse primer???5?-GGAC TACHVGGGTWTCTAAT-3?),,,,,,,
174_5,Comm,No,V3-V4,C,R,Bipolaris sorokiniana,Bipolaris sorokiniana,Wheat,Abreu_et_al,Abreu_et_al,NL,Y,,515F/806R,515F (forward primer 5?-GTGCCAGCMGCCGCGGTAA-3?) and 806R (reverse primer???5?-GGAC TACHVGGGTWTCTAAT-3?),,,,,,,
373_7,Comm,No,V3-V4,S,R,Bipolaris sorokiniana,Bipolaris sorokiniana,Wheat,Abreu_et_al,Abreu_et_al,NL,Y,,515F/806R,515F (forward primer 5?-GTGCCAGCMGCCGCGGTAA-3?) and 806R (reverse primer???5?-GGAC TACHVGGGTWTCTAAT-3?),,,,,,,
374_6,Comm,No,V3-V4,S,R,Bipolaris sorokiniana,Bipolaris sorokiniana,Wheat,Abreu_et_al,Abreu_et_al,NL,Y,,515F/806R,515F (forward primer 5?-GTGCCAGCMGCCGCGGTAA-3?) and 806R (reverse primer???5?-GGAC TACHVGGGTWTCTAAT-3?),,,,,,,
375_8,Comm,No,V3-V4,S,R,Bipolaris sorokiniana,Bipolaris sorokiniana,Wheat,Abreu_et_al,Abreu_et_al,NL,Y,,515F/806R,515F (forward primer 5?-GTGCCAGCMGCCGCGGTAA-3?) and 806R (reverse primer???5?-GGAC TACHVGGGTWTCTAAT-3?),,,,,,,
376_5,Comm,No,V3-V4,S,R,Bipolaris sorokiniana,Bipolaris sorokiniana,Wheat,Abreu_et_al,Abreu_et_al,NL,Y,,515F/806R,515F (forward primer 5?-GTGCCAGCMGCCGCGGTAA-3?) and 806R (reverse primer???5?-GGAC TACHVGGGTWTCTAAT-3?),,,,,,,
377_12,Comm,No,V3-V4,S,R,Bipolaris sorokiniana,Bipolaris sorokiniana,Wheat,Abreu_et_al,Abreu_et_al,NL,Y,,515F/806R,515F (forward primer 5?-GTGCCAGCMGCCGCGGTAA-3?) and 806R (reverse primer???5?-GGAC TACHVGGGTWTCTAAT-3?),,,,,,,
378_3,Comm,No,V3-V4,S,R,Bipolaris sorokiniana,Bipolaris sorokiniana,Wheat,Abreu_et_al,Abreu_et_al,NL,Y,,515F/806R,515F (forward primer 5?-GTGCCAGCMGCCGCGGTAA-3?) and 806R (reverse primer???5?-GGAC TACHVGGGTWTCTAAT-3?),,,,,,,
475_11,Comm,No,V3-V4,S,R,Bipolaris sorokiniana,Bipolaris sorokiniana,Wheat,Abreu_et_al,Abreu_et_al,NL,Y,,515F/806R,515F (forward primer 5?-GTGCCAGCMGCCGCGGTAA-3?) and 806R (reverse primer???5?-GGAC TACHVGGGTWTCTAAT-3?),,,,,,,
476_9,Comm,No,V3-V4,S,R,Bipolaris sorokiniana,Bipolaris sorokiniana,Wheat,Abreu_et_al,Abreu_et_al,NL,Y,,515F/806R,515F (forward primer 5?-GTGCCAGCMGCCGCGGTAA-3?) and 806R (reverse primer???5?-GGAC TACHVGGGTWTCTAAT-3?),,,,,,,
477_10,Comm,No,V3-V4,S,R,Bipolaris sorokiniana,Bipolaris sorokiniana,Wheat,Abreu_et_al,Abreu_et_al,NL,Y,,515F/806R,515F (forward primer 5?-GTGCCAGCMGCCGCGGTAA-3?) and 806R (reverse primer???5?-GGAC TACHVGGGTWTCTAAT-3?),,,,,,,
478_2,Comm,No,V3-V4,S,R,Bipolaris sorokiniana,Bipolaris sorokiniana,Wheat,Abreu_et_al,Abreu_et_al,NL,Y,,515F/806R,515F (forward primer 5?-GTGCCAGCMGCCGCGGTAA-3?) and 806R (reverse primer???5?-GGAC TACHVGGGTWTCTAAT-3?),,,,,,,
479_1,Comm,No,V3-V4,S,R,Bipolaris sorokiniana,Bipolaris sorokiniana,Wheat,Abreu_et_al,Abreu_et_al,NL,Y,,515F/806R,515F (forward primer 5?-GTGCCAGCMGCCGCGGTAA-3?) and 806R (reverse primer???5?-GGAC TACHVGGGTWTCTAAT-3?),,,,,,,
480_4,Comm,No,V3-V4,S,R,Bipolaris sorokiniana,Bipolaris sorokiniana,Wheat,Abreu_et_al,Abreu_et_al,NL,Y,,515F/806R,515F (forward primer 5?-GTGCCAGCMGCCGCGGTAA-3?) and 806R (reverse primer???5?-GGAC TACHVGGGTWTCTAAT-3?),,,,,,,
L1_Ck101,Comm,No,V4,S,R,Fusarium,Fusarium oxysporum f. sp. vasinfectum,Cotton,Li_et_al,Li_et_al,China: Jiangsu,Y,Ck.10.1,F515/R806,F515 (5'-GTGCCAGCMGCCGCGGTAA-3') and R806 (5'-GGACTACVSGGGTATCTAAT-3'),,,,,,,
L1_Ck102,Comm,No,V4,S,R,Fusarium,Fusarium oxysporum f. sp. vasinfectum,Cotton,Li_et_al,Li_et_al,China: Jiangsu,Y,Ck.10.2,F515/R806,F515 (5'-GTGCCAGCMGCCGCGGTAA-3') and R806 (5'-GGACTACVSGGGTATCTAAT-3'),,,,,,,
L1_Ck103,Comm,No,V4,S,R,Fusarium,Fusarium oxysporum f. sp. vasinfectum,Cotton,Li_et_al,Li_et_al,China: Jiangsu,Y,Ck.10.3,F515/R806,F515 (5'-GTGCCAGCMGCCGCGGTAA-3') and R806 (5'-GGACTACVSGGGTATCTAAT-3'),,,,,,,
L1_Ck381,Comm,No,V4,S,R,Fusarium,Fusarium oxysporum f. sp. vasinfectum,Cotton,Li_et_al,Li_et_al,China: Jiangsu,Y,Ck.38.1,F515/R806,F515 (5'-GTGCCAGCMGCCGCGGTAA-3') and R806 (5'-GGACTACVSGGGTATCTAAT-3'),,,,,,,
L1_Ck382,Comm,No,V4,S,R,Fusarium,Fusarium oxysporum f. sp. vasinfectum,Cotton,Li_et_al,Li_et_al,China: Jiangsu,Y,Ck.38.2,F515/R806,F515 (5'-GTGCCAGCMGCCGCGGTAA-3') and R806 (5'-GGACTACVSGGGTATCTAAT-3'),,,,,,,
L1_Ck383,Comm,No,V4,S,R,Fusarium,Fusarium oxysporum f. sp. vasinfectum,Cotton,Li_et_al,Li_et_al,China: Jiangsu,Y,Ck.38.3,F515/R806,F515 (5'-GTGCCAGCMGCCGCGGTAA-3') and R806 (5'-GGACTACVSGGGTATCTAAT-3'),,,,,,,
L1_L20101,Comm,No,V4,C,R,Fusarium,Fusarium oxysporum f. sp. vasinfectum,Cotton,Li_et_al,Li_et_al,China: Jiangsu,Y,L20.10.1,F515/R806,F515 (5'-GTGCCAGCMGCCGCGGTAA-3') and R806 (5'-GGACTACVSGGGTATCTAAT-3'),,,,,,,
L1_L20102,Comm,No,V4,C,R,Fusarium,Fusarium oxysporum f. sp. vasinfectum,Cotton,Li_et_al,Li_et_al,China: Jiangsu,Y,L20.10.2,F515/R806,F515 (5'-GTGCCAGCMGCCGCGGTAA-3') and R806 (5'-GGACTACVSGGGTATCTAAT-3'),,,,,,,
L1_L20103,Comm,No,V4,C,R,Fusarium,Fusarium oxysporum f. sp. vasinfectum,Cotton,Li_et_al,Li_et_al,China: Jiangsu,Y,L20.10.3,F515/R806,F515 (5'-GTGCCAGCMGCCGCGGTAA-3') and R806 (5'-GGACTACVSGGGTATCTAAT-3'),,,,,,,
L1_L20381,Comm,No,V4,C,R,Fusarium,Fusarium oxysporum f. sp. vasinfectum,Cotton,Li_et_al,Li_et_al,China: Jiangsu,Y,L20.38.1,F515/R806,F515 (5'-GTGCCAGCMGCCGCGGTAA-3') and R806 (5'-GGACTACVSGGGTATCTAAT-3'),,,,,,,
L1_L20382,Comm,No,V4,C,R,Fusarium,Fusarium oxysporum f. sp. vasinfectum,Cotton,Li_et_al,Li_et_al,China: Jiangsu,Y,L20.38.2,F515/R806,F515 (5'-GTGCCAGCMGCCGCGGTAA-3') and R806 (5'-GGACTACVSGGGTATCTAAT-3'),,,,,,,
L1_L20383,Comm,No,V4,C,R,Fusarium,Fusarium oxysporum f. sp. vasinfectum,Cotton,Li_et_al,Li_et_al,China: Jiangsu,Y,L20.38.3,F515/R806,F515 (5'-GTGCCAGCMGCCGCGGTAA-3') and R806 (5'-GGACTACVSGGGTATCTAAT-3'),,,,,,,
SRR23020529,SRA,No,V3-V4,S,R,Fusarium,Fusarium oxysporum f. sp. cucumerinum,Cucumber,PRJNA921884,PRJNA921884,China: HeNan,Y,HR2,F338/R806,338F (5?-ACTCCTACGGGGAGGCAGCAG-3?) and 806R (5?-GGACTACHVGGGTWTCTAAT-3?),,,,,,,
SRR23020530,SRA,No,V3-V4,S,R,Fusarium,Fusarium oxysporum f. sp. cucumerinum,Cucumber,PRJNA921884,PRJNA921884,China: HeNan,Y,HR1,F338/R806,338F (5?-ACTCCTACGGGGAGGCAGCAG-3?) and 806R (5?-GGACTACHVGGGTWTCTAAT-3?),,,,,,,
SRR23020531,SRA,No,V3-V4,S,R,Fusarium,Fusarium oxysporum f. sp. cucumerinum,Cucumber,PRJNA921884,PRJNA921884,China: HeNan,Y,R4,F338/R806,338F (5?-ACTCCTACGGGGAGGCAGCAG-3?) and 806R (5?-GGACTACHVGGGTWTCTAAT-3?),,,,,,,
SRR23020532,SRA,No,V3-V4,S,R,Fusarium,Fusarium oxysporum f. sp. cucumerinum,Cucumber,PRJNA921884,PRJNA921884,China: HeNan,Y,R3,F338/R806,338F (5?-ACTCCTACGGGGAGGCAGCAG-3?) and 806R (5?-GGACTACHVGGGTWTCTAAT-3?),,,,,,,
SRR23020533,SRA,No,V3-V4,S,R,Fusarium,Fusarium oxysporum f. sp. cucumerinum,Cucumber,PRJNA921884,PRJNA921884,China: HeNan,Y,R2,F338/R806,338F (5?-ACTCCTACGGGGAGGCAGCAG-3?) and 806R (5?-GGACTACHVGGGTWTCTAAT-3?),,,,,,,
SRR23020534,SRA,No,V3-V4,S,R,Fusarium,Fusarium oxysporum f. sp. cucumerinum,Cucumber,PRJNA921884,PRJNA921884,China: HeNan,Y,R1,F338/R806,338F (5?-ACTCCTACGGGGAGGCAGCAG-3?) and 806R (5?-GGACTACHVGGGTWTCTAAT-3?),,,,,,,
SRR23020535,SRA,No,V3-V4,C,R,Fusarium,Fusarium oxysporum f. sp. cucumerinum,Cucumber,PRJNA921884,PRJNA921884,China: HeNan,Y,S4,F338/R806,338F (5?-ACTCCTACGGGGAGGCAGCAG-3?) and 806R (5?-GGACTACHVGGGTWTCTAAT-3?),,,,,,,
SRR23020536,SRA,No,V3-V4,C,R,Fusarium,Fusarium oxysporum f. sp. cucumerinum,Cucumber,PRJNA921884,PRJNA921884,China: HeNan,Y,S3,F338/R806,338F (5?-ACTCCTACGGGGAGGCAGCAG-3?) and 806R (5?-GGACTACHVGGGTWTCTAAT-3?),,,,,,,
SRR23020537,SRA,No,V3-V4,S,R,Fusarium,Fusarium oxysporum f. sp. cucumerinum,Cucumber,PRJNA921884,PRJNA921884,China: HeNan,Y,HR4,F338/R806,338F (5?-ACTCCTACGGGGAGGCAGCAG-3?) and 806R (5?-GGACTACHVGGGTWTCTAAT-3?),,,,,,,
SRR23020538,SRA,No,V3-V4,S,R,Fusarium,Fusarium oxysporum f. sp. cucumerinum,Cucumber,PRJNA921884,PRJNA921884,China: HeNan,Y,HR3,F338/R806,338F (5?-ACTCCTACGGGGAGGCAGCAG-3?) and 806R (5?-GGACTACHVGGGTWTCTAAT-3?),,,,,,,
SRR23020539,SRA,No,V3-V4,C,R,Fusarium,Fusarium oxysporum f. sp. cucumerinum,Cucumber,PRJNA921884,PRJNA921884,China: HeNan,Y,S2,F338/R806,338F (5?-ACTCCTACGGGGAGGCAGCAG-3?) and 806R (5?-GGACTACHVGGGTWTCTAAT-3?),,,,,,,
SRR23020540,SRA,No,V3-V4,C,R,Fusarium,Fusarium oxysporum f. sp. cucumerinum,Cucumber,PRJNA921884,PRJNA921884,China: HeNan,Y,S1,F338/R806,338F (5?-ACTCCTACGGGGAGGCAGCAG-3?) and 806R (5?-GGACTACHVGGGTWTCTAAT-3?),,,,,,,
CRR524710,BIG/GSA,No,V4,C,R,Fusarium,Fusarium oxysporum f. sp. cucumerinum,Cucumber,PRJCA010283,PRJCA010283,China:Nanjing,Y,RNC8,F515/R806,515F: GTGYCAGCMGCCGCGGTAA and 806R: GGACTACNVGGGTWTCTAAT,,,,,,,
CRR524711,BIG/GSA,No,V4,C,R,Fusarium,Fusarium oxysporum f. sp. cucumerinum,Cucumber,PRJCA010283,PRJCA010283,China:Nanjing,Y,RNC8,F515/R806,515F: GTGYCAGCMGCCGCGGTAA and 806R: GGACTACNVGGGTWTCTAAT,,,,,,,
CRR524712,BIG/GSA,No,V4,C,R,Fusarium,Fusarium oxysporum f. sp. cucumerinum,Cucumber,PRJCA010283,PRJCA010283,China:Nanjing,Y,RNC8,F515/R806,515F: GTGYCAGCMGCCGCGGTAA and 806R: GGACTACNVGGGTWTCTAAT,,,,,,,
CRR524713,BIG/GSA,No,V4,C,R,Fusarium,Fusarium oxysporum f. sp. cucumerinum,Cucumber,PRJCA010283,PRJCA010283,China:Nanjing,Y,RNC8,F515/R806,515F: GTGYCAGCMGCCGCGGTAA and 806R: GGACTACNVGGGTWTCTAAT,,,,,,,
CRR524714,BIG/GSA,No,V4,C,R,Fusarium,Fusarium oxysporum f. sp. cucumerinum,Cucumber,PRJCA010283,PRJCA010283,China:Nanjing,Y,RNC8,F515/R806,515F: GTGYCAGCMGCCGCGGTAA and 806R: GGACTACNVGGGTWTCTAAT,,,,,,,
CRR524715,BIG/GSA,No,V4,C,R,Fusarium,Fusarium oxysporum f. sp. cucumerinum,Cucumber,PRJCA010283,PRJCA010283,China:Nanjing,Y,RNC8,F515/R806,515F: GTGYCAGCMGCCGCGGTAA and 806R: GGACTACNVGGGTWTCTAAT,,,,,,,
CRR524716,BIG/GSA,No,V4,C,R,Fusarium,Fusarium oxysporum f. sp. cucumerinum,Cucumber,PRJCA010283,PRJCA010283,China:Nanjing,Y,RNC8,F515/R806,515F: GTGYCAGCMGCCGCGGTAA and 806R: GGACTACNVGGGTWTCTAAT,,,,,,,
CRR524717,BIG/GSA,No,V4,C,R,Fusarium,Fusarium oxysporum f. sp. cucumerinum,Cucumber,PRJCA010283,PRJCA010283,China:Nanjing,Y,RNC8,F515/R806,515F: GTGYCAGCMGCCGCGGTAA and 806R: GGACTACNVGGGTWTCTAAT,,,,,,,
CRR524734,BIG/GSA,No,V4,S,R,Fusarium,Fusarium oxysporum f. sp. cucumerinum,Cucumber,PRJCA010283,PRJCA010283,China:Nanjing,Y,RNF8,F515/R806,515F: GTGYCAGCMGCCGCGGTAA and 806R: GGACTACNVGGGTWTCTAAT,,,,,,,
CRR524735,BIG/GSA,No,V4,S,R,Fusarium,Fusarium oxysporum f. sp. cucumerinum,Cucumber,PRJCA010283,PRJCA010283,China:Nanjing,Y,RNF8,F515/R806,515F: GTGYCAGCMGCCGCGGTAA and 806R: GGACTACNVGGGTWTCTAAT,,,,,,,
CRR524736,BIG/GSA,No,V4,S,R,Fusarium,Fusarium oxysporum f. sp. cucumerinum,Cucumber,PRJCA010283,PRJCA010283,China:Nanjing,Y,RNF8,F515/R806,515F: GTGYCAGCMGCCGCGGTAA and 806R: GGACTACNVGGGTWTCTAAT,,,,,,,
CRR524737,BIG/GSA,No,V4,S,R,Fusarium,Fusarium oxysporum f. sp. cucumerinum,Cucumber,PRJCA010283,PRJCA010283,China:Nanjing,Y,RNF8,F515/R806,515F: GTGYCAGCMGCCGCGGTAA and 806R: GGACTACNVGGGTWTCTAAT,,,,,,,
CRR524738,BIG/GSA,No,V4,S,R,Fusarium,Fusarium oxysporum f. sp. cucumerinum,Cucumber,PRJCA010283,PRJCA010283,China:Nanjing,Y,RNF8,F515/R806,515F: GTGYCAGCMGCCGCGGTAA and 806R: GGACTACNVGGGTWTCTAAT,,,,,,,
CRR524739,BIG/GSA,No,V4,S,R,Fusarium,Fusarium oxysporum f. sp. cucumerinum,Cucumber,PRJCA010283,PRJCA010283,China:Nanjing,Y,RNF8,F515/R806,515F: GTGYCAGCMGCCGCGGTAA and 806R: GGACTACNVGGGTWTCTAAT,,,,,,,
CRR524740,BIG/GSA,No,V4,S,R,Fusarium,Fusarium oxysporum f. sp. cucumerinum,Cucumber,PRJCA010283,PRJCA010283,China:Nanjing,Y,RNF8,F515/R806,515F: GTGYCAGCMGCCGCGGTAA and 806R: GGACTACNVGGGTWTCTAAT,,,,,,,
CRR524741,BIG/GSA,No,V4,S,R,Fusarium,Fusarium oxysporum f. sp. cucumerinum,Cucumber,PRJCA010283,PRJCA010283,China:Nanjing,Y,RNF8,F515/R806,515F: GTGYCAGCMGCCGCGGTAA and 806R: GGACTACNVGGGTWTCTAAT,,,,,,,
SRR25080055,SRA,No,V3-V4,C,R,Aspergillus,Aspergillus,Peanut,PRJNA989386,PRJNA989386,China:Nanjing,Y,MP_OR,F338/R806,338F (5 ?-ACTCCTACGGGAGGCAGCAG-3 ?) and 806R (5 ?-GGACTACHVGGGTWTCTAAT-3 ?),,,,,,,
SRR25080056,SRA,No,V3-V4,C,R,Aspergillus,Aspergillus,Peanut,PRJNA989386,PRJNA989386,China:Nanjing,Y,MP_OR,F338/R806,338F (5 ?-ACTCCTACGGGAGGCAGCAG-3 ?) and 806R (5 ?-GGACTACHVGGGTWTCTAAT-3 ?),,,,,,,
SRR25080057,SRA,No,V3-V4,C,R,Aspergillus,Aspergillus,Peanut,PRJNA989386,PRJNA989386,China:Nanjing,Y,MP_YR,F338/R806,338F (5 ?-ACTCCTACGGGAGGCAGCAG-3 ?) and 806R (5 ?-GGACTACHVGGGTWTCTAAT-3 ?),,,,,,,
SRR25080058,SRA,No,V3-V4,C,R,Aspergillus,Aspergillus,Peanut,PRJNA989386,PRJNA989386,China:Nanjing,Y,MP_YR,F338/R806,338F (5 ?-ACTCCTACGGGAGGCAGCAG-3 ?) and 806R (5 ?-GGACTACHVGGGTWTCTAAT-3 ?),,,,,,,
SRR25080059,SRA,No,V3-V4,C,R,Aspergillus,Aspergillus,Peanut,PRJNA989386,PRJNA989386,China:Nanjing,Y,MP_YR,F338/R806,338F (5 ?-ACTCCTACGGGAGGCAGCAG-3 ?) and 806R (5 ?-GGACTACHVGGGTWTCTAAT-3 ?),,,,,,,
SRR25080060,SRA,No,V3-V4,C,R,Aspergillus,Aspergillus,Peanut,PRJNA989386,PRJNA989386,China:Nanjing,Y,MP_YR,F338/R806,338F (5 ?-ACTCCTACGGGAGGCAGCAG-3 ?) and 806R (5 ?-GGACTACHVGGGTWTCTAAT-3 ?),,,,,,,
SRR25080066,SRA,No,V3-V4,S,R,Aspergillus,Aspergillus,Peanut,PRJNA989386,PRJNA989386,China:Nanjing,Y,RP_OR,F338/R806,338F (5 ?-ACTCCTACGGGAGGCAGCAG-3 ?) and 806R (5 ?-GGACTACHVGGGTWTCTAAT-3 ?),,,,,,,
SRR25080067,SRA,No,V3-V4,S,R,Aspergillus,Aspergillus,Peanut,PRJNA989386,PRJNA989386,China:Nanjing,Y,RP_OR,F338/R806,338F (5 ?-ACTCCTACGGGAGGCAGCAG-3 ?) and 806R (5 ?-GGACTACHVGGGTWTCTAAT-3 ?),,,,,,,
SRR25080068,SRA,No,V3-V4,S,R,Aspergillus,Aspergillus,Peanut,PRJNA989386,PRJNA989386,China:Nanjing,Y,RP_OR,F338/R806,338F (5 ?-ACTCCTACGGGAGGCAGCAG-3 ?) and 806R (5 ?-GGACTACHVGGGTWTCTAAT-3 ?),,,,,,,
SRR25080069,SRA,No,V3-V4,S,R,Aspergillus,Aspergillus,Peanut,PRJNA989386,PRJNA989386,China:Nanjing,Y,RP_OR,F338/R806,338F (5 ?-ACTCCTACGGGAGGCAGCAG-3 ?) and 806R (5 ?-GGACTACHVGGGTWTCTAAT-3 ?),,,,,,,
SRR25080070,SRA,No,V3-V4,S,R,Aspergillus,Aspergillus,Peanut,PRJNA989386,PRJNA989386,China:Nanjing,Y,RP_YR,F338/R806,338F (5 ?-ACTCCTACGGGAGGCAGCAG-3 ?) and 806R (5 ?-GGACTACHVGGGTWTCTAAT-3 ?),,,,,,,
SRR25080071,SRA,No,V3-V4,S,R,Aspergillus,Aspergillus,Peanut,PRJNA989386,PRJNA989386,China:Nanjing,Y,RP_YR,F338/R806,338F (5 ?-ACTCCTACGGGAGGCAGCAG-3 ?) and 806R (5 ?-GGACTACHVGGGTWTCTAAT-3 ?),,,,,,,
SRR25080072,SRA,No,V3-V4,S,R,Aspergillus,Aspergillus,Peanut,PRJNA989386,PRJNA989386,China:Nanjing,Y,RP_YR,F338/R806,338F (5 ?-ACTCCTACGGGAGGCAGCAG-3 ?) and 806R (5 ?-GGACTACHVGGGTWTCTAAT-3 ?),,,,,,,
SRR25080073,SRA,No,V3-V4,S,R,Aspergillus,Aspergillus,Peanut,PRJNA989386,PRJNA989386,China:Nanjing,Y,RP_YR,F338/R806,338F (5 ?-ACTCCTACGGGAGGCAGCAG-3 ?) and 806R (5 ?-GGACTACHVGGGTWTCTAAT-3 ?),,,,,,,
SRR25080083,SRA,No,V3-V4,C,R,Aspergillus,Aspergillus,Peanut,PRJNA989386,PRJNA989386,China:Nanjing,Y,MP_OR,F338/R806,338F (5 ?-ACTCCTACGGGAGGCAGCAG-3 ?) and 806R (5 ?-GGACTACHVGGGTWTCTAAT-3 ?),,,,,,,
SRR25080084,SRA,No,V3-V4,C,R,Aspergillus,Aspergillus,Peanut,PRJNA989386,PRJNA989386,China:Nanjing,Y,MP_OR,F338/R806,338F (5 ?-ACTCCTACGGGAGGCAGCAG-3 ?) and 806R (5 ?-GGACTACHVGGGTWTCTAAT-3 ?),,,,,,,
1C,Comm,No,V1-V3,C,R,Fusarium,Fusarium oxysporum f. sp. fragariae,Strawberry,Cha_et_al,Cha_et_al,Korea,Y,,F27/R518,27 F (5?-GAGTTTGATCMTGGCTCAG-3?) and 518 R (5?-WTTACCGCGGCTGCTGG-3?),,,,,,,
1S,Comm,No,V1-V3,S,R,Fusarium,Fusarium oxysporum f. sp. fragariae,Strawberry,Cha_et_al,Cha_et_al,Korea,Y,,F27/R518,27 F (5?-GAGTTTGATCMTGGCTCAG-3?) and 518 R (5?-WTTACCGCGGCTGCTGG-3?),,,,,,,
2C,Comm,No,V1-V3,C,R,Fusarium,Fusarium oxysporum f. sp. fragariae,Strawberry,Cha_et_al,Cha_et_al,Korea,Y,,F27/R518,27 F (5?-GAGTTTGATCMTGGCTCAG-3?) and 518 R (5?-WTTACCGCGGCTGCTGG-3?),,,,,,,
2S,Comm,No,V1-V3,S,R,Fusarium,Fusarium oxysporum f. sp. fragariae,Strawberry,Cha_et_al,Cha_et_al,Korea,Y,,F27/R518,27 F (5?-GAGTTTGATCMTGGCTCAG-3?) and 518 R (5?-WTTACCGCGGCTGCTGG-3?),,,,,,,
3C,Comm,No,V1-V3,C,R,Fusarium,Fusarium oxysporum f. sp. fragariae,Strawberry,Cha_et_al,Cha_et_al,Korea,Y,,F27/R518,27 F (5?-GAGTTTGATCMTGGCTCAG-3?) and 518 R (5?-WTTACCGCGGCTGCTGG-3?),,,,,,,
3S,Comm,No,V1-V3,S,R,Fusarium,Fusarium oxysporum f. sp. fragariae,Strawberry,Cha_et_al,Cha_et_al,Korea,Y,,F27/R518,27 F (5?-GAGTTTGATCMTGGCTCAG-3?) and 518 R (5?-WTTACCGCGGCTGCTGG-3?),,,,,,,
1CS,Comm,No,V1-V3,C,R,Fusarium,Fusarium oxysporum f. sp. fragariae,Strawberry,Cha_et_al,Cha_et_al,Korea,Y,,F27/R518,27 F (5?-GAGTTTGATCMTGGCTCAG-3?) and 518 R (5?-WTTACCGCGGCTGCTGG-3?),,,,,,,
2CS,Comm,No,V1-V3,S,R,Fusarium,Fusarium oxysporum f. sp. fragariae,Strawberry,Cha_et_al,Cha_et_al,Korea,Y,,F27/R518,27 F (5?-GAGTTTGATCMTGGCTCAG-3?) and 518 R (5?-WTTACCGCGGCTGCTGG-3?),,,,,,,
3CS,Comm,No,V1-V3,S,R,Fusarium,Fusarium oxysporum f. sp. fragariae,Strawberry,Cha_et_al,Cha_et_al,Korea,Y,,F27/R518,27 F (5?-GAGTTTGATCMTGGCTCAG-3?) and 518 R (5?-WTTACCGCGGCTGCTGG-3?),,,,,,,
SRR10418599,SRA,No,V1-V3,S,R,Rhizoctonia,Rhizoctonia solani AG-8,Wheat,PRJNA578725,PRJNA578725,USA,Y,9-g1-1 cycle9 G,MN_27F/MN_534R,MN_27F (5?-AGAGTTTGATCMTGGCTCAG-3?) and MN_534R (5?-ATTACCGCGGC TGCTGG-3?),,,,,,,
SRR10418597,SRA,No,V1-V3,S,R,Rhizoctonia,Rhizoctonia solani AG-8,Wheat,PRJNA578725,PRJNA578725,USA,Y,9-g1-2 cycle9 G,MN_27F/MN_534R,MN_27F (5?-AGAGTTTGATCMTGGCTCAG-3?) and MN_534R (5?-ATTACCGCGGC TGCTGG-3?),,,,,,,
SRR10418596,SRA,No,V1-V3,S,R,Rhizoctonia,Rhizoctonia solani AG-8,Wheat,PRJNA578725,PRJNA578725,USA,Y,9-g1-3 cycle9 G,MN_27F/MN_534R,MN_27F (5?-AGAGTTTGATCMTGGCTCAG-3?) and MN_534R (5?-ATTACCGCGGC TGCTGG-3?),,,,,,,
SRR10418595,SRA,No,V1-V3,S,R,Rhizoctonia,Rhizoctonia solani AG-8,Wheat,PRJNA578725,PRJNA578725,USA,Y,9-g1-4 cycle9 G,MN_27F/MN_534R,MN_27F (5?-AGAGTTTGATCMTGGCTCAG-3?) and MN_534R (5?-ATTACCGCGGC TGCTGG-3?),,,,,,,
SRR10418565,SRA,No,V1-V3,S,R,Rhizoctonia,Rhizoctonia solani AG-8,Wheat,PRJNA578725,PRJNA578725,USA,Y,9-g2-1 cycle9 G,MN_27F/MN_534R,MN_27F (5?-AGAGTTTGATCMTGGCTCAG-3?) and MN_534R (5?-ATTACCGCGGC TGCTGG-3?),,,,,,,
SRR10418647,SRA,No,V1-V3,S,R,Rhizoctonia,Rhizoctonia solani AG-8,Wheat,PRJNA578725,PRJNA578725,USA,Y,9-g2-2 cycle9 G,MN_27F/MN_534R,MN_27F (5?-AGAGTTTGATCMTGGCTCAG-3?) and MN_534R (5?-ATTACCGCGGC TGCTGG-3?),,,,,,,
SRR10418636,SRA,No,V1-V3,S,R,Rhizoctonia,Rhizoctonia solani AG-8,Wheat,PRJNA578725,PRJNA578725,USA,Y,9-g2-3 cycle9 G,MN_27F/MN_534R,MN_27F (5?-AGAGTTTGATCMTGGCTCAG-3?) and MN_534R (5?-ATTACCGCGGC TGCTGG-3?),,,,,,,
SRR10418625,SRA,No,V1-V3,S,R,Rhizoctonia,Rhizoctonia solani AG-8,Wheat,PRJNA578725,PRJNA578725,USA,Y,9-g2-4 cycle9 G,MN_27F/MN_534R,MN_27F (5?-AGAGTTTGATCMTGGCTCAG-3?) and MN_534R (5?-ATTACCGCGGC TGCTGG-3?),,,,,,,
SRR10418616,SRA,No,V1-V3,S,R,Rhizoctonia,Rhizoctonia solani AG-8,Wheat,PRJNA578725,PRJNA578725,USA,Y,9-g3-1 cycle9 G,MN_27F/MN_534R,MN_27F (5?-AGAGTTTGATCMTGGCTCAG-3?) and MN_534R (5?-ATTACCGCGGC TGCTGG-3?),,,,,,,
SRR10418656,SRA,No,V1-V3,S,R,Rhizoctonia,Rhizoctonia solani AG-8,Wheat,PRJNA578725,PRJNA578725,USA,Y,9-g3-2 cycle9 G,MN_27F/MN_534R,MN_27F (5?-AGAGTTTGATCMTGGCTCAG-3?) and MN_534R (5?-ATTACCGCGGC TGCTGG-3?),,,,,,,
SRR10418655,SRA,No,V1-V3,S,R,Rhizoctonia,Rhizoctonia solani AG-8,Wheat,PRJNA578725,PRJNA578725,USA,Y,9-g3-3 cycle9 G,MN_27F/MN_534R,MN_27F (5?-AGAGTTTGATCMTGGCTCAG-3?) and MN_534R (5?-ATTACCGCGGC TGCTGG-3?),,,,,,,
SRR10418654,SRA,No,V1-V3,S,R,Rhizoctonia,Rhizoctonia solani AG-8,Wheat,PRJNA578725,PRJNA578725,USA,Y,9-g3-4 cycle9 G,MN_27F/MN_534R,MN_27F (5?-AGAGTTTGATCMTGGCTCAG-3?) and MN_534R (5?-ATTACCGCGGC TGCTGG-3?),,,,,,,
SRR10418617,SRA,No,V1-V3,S,R,Rhizoctonia,Rhizoctonia solani AG-8,Wheat,PRJNA578725,PRJNA578725,USA,Y,9-g4-1 cycle9 G,MN_27F/MN_534R,MN_27F (5?-AGAGTTTGATCMTGGCTCAG-3?) and MN_534R (5?-ATTACCGCGGC TGCTGG-3?),,,,,,,
SRR10418615,SRA,No,V1-V3,S,R,Rhizoctonia,Rhizoctonia solani AG-8,Wheat,PRJNA578725,PRJNA578725,USA,Y,9-g4-2 cycle9 G,MN_27F/MN_534R,MN_27F (5?-AGAGTTTGATCMTGGCTCAG-3?) and MN_534R (5?-ATTACCGCGGC TGCTGG-3?),,,,,,,
SRR10418614,SRA,No,V1-V3,S,R,Rhizoctonia,Rhizoctonia solani AG-8,Wheat,PRJNA578725,PRJNA578725,USA,Y,9-g4-3 cycle9 G,MN_27F/MN_534R,MN_27F (5?-AGAGTTTGATCMTGGCTCAG-3?) and MN_534R (5?-ATTACCGCGGC TGCTGG-3?),,,,,,,
SRR10418613,SRA,No,V1-V3,S,R,Rhizoctonia,Rhizoctonia solani AG-8,Wheat,PRJNA578725,PRJNA578725,USA,Y,9-g4-4 cycle9 G,MN_27F/MN_534R,MN_27F (5?-AGAGTTTGATCMTGGCTCAG-3?) and MN_534R (5?-ATTACCGCGGC TGCTGG-3?),,,,,,,
SRR10418612,SRA,No,V1-V3,S,R,Rhizoctonia,Rhizoctonia solani AG-8,Wheat,PRJNA578725,PRJNA578725,USA,Y,b1-1 cycle9 B,MN_27F/MN_534R,MN_27F (5?-AGAGTTTGATCMTGGCTCAG-3?) and MN_534R (5?-ATTACCGCGGC TGCTGG-3?),,,,,,,
SRR10418611,SRA,No,V1-V3,S,R,Rhizoctonia,Rhizoctonia solani AG-8,Wheat,PRJNA578725,PRJNA578725,USA,Y,b1-2 cycle9 B,MN_27F/MN_534R,MN_27F (5?-AGAGTTTGATCMTGGCTCAG-3?) and MN_534R (5?-ATTACCGCGGC TGCTGG-3?),,,,,,,
SRR10418610,SRA,No,V1-V3,S,R,Rhizoctonia,Rhizoctonia solani AG-8,Wheat,PRJNA578725,PRJNA578725,USA,Y,b1-3 cycle9 B,MN_27F/MN_534R,MN_27F (5?-AGAGTTTGATCMTGGCTCAG-3?) and MN_534R (5?-ATTACCGCGGC TGCTGG-3?),,,,,,,
SRR10418608,SRA,No,V1-V3,S,R,Rhizoctonia,Rhizoctonia solani AG-8,Wheat,PRJNA578725,PRJNA578725,USA,Y,b1-4 cycle9 B,MN_27F/MN_534R,MN_27F (5?-AGAGTTTGATCMTGGCTCAG-3?) and MN_534R (5?-ATTACCGCGGC TGCTGG-3?),,,,,,,
SRR10418607,SRA,No,V1-V3,S,R,Rhizoctonia,Rhizoctonia solani AG-8,Wheat,PRJNA578725,PRJNA578725,USA,Y,b2-1 cycle9 B,MN_27F/MN_534R,MN_27F (5?-AGAGTTTGATCMTGGCTCAG-3?) and MN_534R (5?-ATTACCGCGGC TGCTGG-3?),,,,,,,
SRR10418606,SRA,No,V1-V3,S,R,Rhizoctonia,Rhizoctonia solani AG-8,Wheat,PRJNA578725,PRJNA578725,USA,Y,b2-2 cycle9 B,MN_27F/MN_534R,MN_27F (5?-AGAGTTTGATCMTGGCTCAG-3?) and MN_534R (5?-ATTACCGCGGC TGCTGG-3?),,,,,,,
SRR10418605,SRA,No,V1-V3,S,R,Rhizoctonia,Rhizoctonia solani AG-8,Wheat,PRJNA578725,PRJNA578725,USA,Y,b2-3 cycle9 B,MN_27F/MN_534R,MN_27F (5?-AGAGTTTGATCMTGGCTCAG-3?) and MN_534R (5?-ATTACCGCGGC TGCTGG-3?),,,,,,,
SRR10418604,SRA,No,V1-V3,S,R,Rhizoctonia,Rhizoctonia solani AG-8,Wheat,PRJNA578725,PRJNA578725,USA,Y,b2-4 cycle9 B,MN_27F/MN_534R,MN_27F (5?-AGAGTTTGATCMTGGCTCAG-3?) and MN_534R (5?-ATTACCGCGGC TGCTGG-3?),,,,,,,
SRR10418603,SRA,No,V1-V3,S,R,Rhizoctonia,Rhizoctonia solani AG-8,Wheat,PRJNA578725,PRJNA578725,USA,Y,b3-1 cycle9 B,MN_27F/MN_534R,MN_27F (5?-AGAGTTTGATCMTGGCTCAG-3?) and MN_534R (5?-ATTACCGCGGC TGCTGG-3?),,,,,,,
SRR10418602,SRA,No,V1-V3,S,R,Rhizoctonia,Rhizoctonia solani AG-8,Wheat,PRJNA578725,PRJNA578725,USA,Y,b3-2 cycle9 B,MN_27F/MN_534R,MN_27F (5?-AGAGTTTGATCMTGGCTCAG-3?) and MN_534R (5?-ATTACCGCGGC TGCTGG-3?),,,,,,,
SRR10418601,SRA,No,V1-V3,S,R,Rhizoctonia,Rhizoctonia solani AG-8,Wheat,PRJNA578725,PRJNA578725,USA,Y,b3-3 cycle9 B,MN_27F/MN_534R,MN_27F (5?-AGAGTTTGATCMTGGCTCAG-3?) and MN_534R (5?-ATTACCGCGGC TGCTGG-3?),,,,,,,
SRR10418600,SRA,No,V1-V3,S,R,Rhizoctonia,Rhizoctonia solani AG-8,Wheat,PRJNA578725,PRJNA578725,USA,Y,b3-4 cycle9 B,MN_27F/MN_534R,MN_27F (5?-AGAGTTTGATCMTGGCTCAG-3?) and MN_534R (5?-ATTACCGCGGC TGCTGG-3?),,,,,,,
SRR10418609,SRA,No,V1-V3,S,R,Rhizoctonia,Rhizoctonia solani AG-8,Wheat,PRJNA578725,PRJNA578725,USA,Y,b4-1 cycle9 B,MN_27F/MN_534R,MN_27F (5?-AGAGTTTGATCMTGGCTCAG-3?) and MN_534R (5?-ATTACCGCGGC TGCTGG-3?),,,,,,,
SRR10418598,SRA,No,V1-V3,S,R,Rhizoctonia,Rhizoctonia solani AG-8,Wheat,PRJNA578725,PRJNA578725,USA,Y,b4-2 cycle9 B,MN_27F/MN_534R,MN_27F (5?-AGAGTTTGATCMTGGCTCAG-3?) and MN_534R (5?-ATTACCGCGGC TGCTGG-3?),,,,,,,
SRR10418587,SRA,No,V1-V3,S,R,Rhizoctonia,Rhizoctonia solani AG-8,Wheat,PRJNA578725,PRJNA578725,USA,Y,b4-3 cycle9 B,MN_27F/MN_534R,MN_27F (5?-AGAGTTTGATCMTGGCTCAG-3?) and MN_534R (5?-ATTACCGCGGC TGCTGG-3?),,,,,,,
SRR10418576,SRA,No,V1-V3,S,R,Rhizoctonia,Rhizoctonia solani AG-8,Wheat,PRJNA578725,PRJNA578725,USA,Y,b4-4 cycle9 B,MN_27F/MN_534R,MN_27F (5?-AGAGTTTGATCMTGGCTCAG-3?) and MN_534R (5?-ATTACCGCGGC TGCTGG-3?),,,,,,,
SRR10418590,SRA,No,V1-V3,C,R,Rhizoctonia,Rhizoctonia solani AG-8,Wheat,PRJNA578725,PRJNA578725,USA,Y,cycle 1-R1 cycle1 R,MN_27F/MN_534R,MN_27F (5?-AGAGTTTGATCMTGGCTCAG-3?) and MN_534R (5?-ATTACCGCGGC TGCTGG-3?),,,,,,,
SRR10418580,SRA,No,V1-V3,C,R,Rhizoctonia,Rhizoctonia solani AG-8,Wheat,PRJNA578725,PRJNA578725,USA,Y,cycle 1-R10 cycle1 R,MN_27F/MN_534R,MN_27F (5?-AGAGTTTGATCMTGGCTCAG-3?) and MN_534R (5?-ATTACCGCGGC TGCTGG-3?),,,,,,,
SRR10418579,SRA,No,V1-V3,C,R,Rhizoctonia,Rhizoctonia solani AG-8,Wheat,PRJNA578725,PRJNA578725,USA,Y,cycle 1-R11 cycle1 R,MN_27F/MN_534R,MN_27F (5?-AGAGTTTGATCMTGGCTCAG-3?) and MN_534R (5?-ATTACCGCGGC TGCTGG-3?),,,,,,,
SRR10418578,SRA,No,V1-V3,C,R,Rhizoctonia,Rhizoctonia solani AG-8,Wheat,PRJNA578725,PRJNA578725,USA,Y,cycle 1-R12 cycle1 R,MN_27F/MN_534R,MN_27F (5?-AGAGTTTGATCMTGGCTCAG-3?) and MN_534R (5?-ATTACCGCGGC TGCTGG-3?),,,,,,,
SRR10418577,SRA,No,V1-V3,C,R,Rhizoctonia,Rhizoctonia solani AG-8,Wheat,PRJNA578725,PRJNA578725,USA,Y,cycle 1-R13 cycle1 R,MN_27F/MN_534R,MN_27F (5?-AGAGTTTGATCMTGGCTCAG-3?) and MN_534R (5?-ATTACCGCGGC TGCTGG-3?),,,,,,,
SRR10418575,SRA,No,V1-V3,C,R,Rhizoctonia,Rhizoctonia solani AG-8,Wheat,PRJNA578725,PRJNA578725,USA,Y,cycle 1-R14 cycle1 R,MN_27F/MN_534R,MN_27F (5?-AGAGTTTGATCMTGGCTCAG-3?) and MN_534R (5?-ATTACCGCGGC TGCTGG-3?),,,,,,,
SRR10418574,SRA,No,V1-V3,C,R,Rhizoctonia,Rhizoctonia solani AG-8,Wheat,PRJNA578725,PRJNA578725,USA,Y,cycle 1-R15 cycle1 R,MN_27F/MN_534R,MN_27F (5?-AGAGTTTGATCMTGGCTCAG-3?) and MN_534R (5?-ATTACCGCGGC TGCTGG-3?),,,,,,,
SRR10418573,SRA,No,V1-V3,C,R,Rhizoctonia,Rhizoctonia solani AG-8,Wheat,PRJNA578725,PRJNA578725,USA,Y,cycle 1-R16 cycle1 R,MN_27F/MN_534R,MN_27F (5?-AGAGTTTGATCMTGGCTCAG-3?) and MN_534R (5?-ATTACCGCGGC TGCTGG-3?),,,,,,,
SRR10418572,SRA,No,V1-V3,C,R,Rhizoctonia,Rhizoctonia solani AG-8,Wheat,PRJNA578725,PRJNA578725,USA,Y,cycle 1-R17 cycle1 R,MN_27F/MN_534R,MN_27F (5?-AGAGTTTGATCMTGGCTCAG-3?) and MN_534R (5?-ATTACCGCGGC TGCTGG-3?),,,,,,,
SRR10418571,SRA,No,V1-V3,C,R,Rhizoctonia,Rhizoctonia solani AG-8,Wheat,PRJNA578725,PRJNA578725,USA,Y,cycle 1-R18 cycle1 R,MN_27F/MN_534R,MN_27F (5?-AGAGTTTGATCMTGGCTCAG-3?) and MN_534R (5?-ATTACCGCGGC TGCTGG-3?),,,,,,,
SRR10418570,SRA,No,V1-V3,C,R,Rhizoctonia,Rhizoctonia solani AG-8,Wheat,PRJNA578725,PRJNA578725,USA,Y,cycle 1-R19 cycle1 R,MN_27F/MN_534R,MN_27F (5?-AGAGTTTGATCMTGGCTCAG-3?) and MN_534R (5?-ATTACCGCGGC TGCTGG-3?),,,,,,,
SRR10418589,SRA,No,V1-V3,C,R,Rhizoctonia,Rhizoctonia solani AG-8,Wheat,PRJNA578725,PRJNA578725,USA,Y,cycle 1-R2 cycle1 R,MN_27F/MN_534R,MN_27F (5?-AGAGTTTGATCMTGGCTCAG-3?) and MN_534R (5?-ATTACCGCGGC TGCTGG-3?),,,,,,,
SRR10418569,SRA,No,V1-V3,C,R,Rhizoctonia,Rhizoctonia solani AG-8,Wheat,PRJNA578725,PRJNA578725,USA,Y,cycle 1-R20 cycle1 R,MN_27F/MN_534R,MN_27F (5?-AGAGTTTGATCMTGGCTCAG-3?) and MN_534R (5?-ATTACCGCGGC TGCTGG-3?),,,,,,,
SRR10418588,SRA,No,V1-V3,C,R,Rhizoctonia,Rhizoctonia solani AG-8,Wheat,PRJNA578725,PRJNA578725,USA,Y,cycle 1-R3 cycle1 R,MN_27F/MN_534R,MN_27F (5?-AGAGTTTGATCMTGGCTCAG-3?) and MN_534R (5?-ATTACCGCGGC TGCTGG-3?),,,,,,,
SRR10418586,SRA,No,V1-V3,C,R,Rhizoctonia,Rhizoctonia solani AG-8,Wheat,PRJNA578725,PRJNA578725,USA,Y,cycle 1-R4 cycle1 R,MN_27F/MN_534R,MN_27F (5?-AGAGTTTGATCMTGGCTCAG-3?) and MN_534R (5?-ATTACCGCGGC TGCTGG-3?),,,,,,,
SRR10418585,SRA,No,V1-V3,C,R,Rhizoctonia,Rhizoctonia solani AG-8,Wheat,PRJNA578725,PRJNA578725,USA,Y,cycle 1-R5 cycle1 R,MN_27F/MN_534R,MN_27F (5?-AGAGTTTGATCMTGGCTCAG-3?) and MN_534R (5?-ATTACCGCGGC TGCTGG-3?),,,,,,,
SRR10418584,SRA,No,V1-V3,C,R,Rhizoctonia,Rhizoctonia solani AG-8,Wheat,PRJNA578725,PRJNA578725,USA,Y,cycle 1-R6 cycle1 R,MN_27F/MN_534R,MN_27F (5?-AGAGTTTGATCMTGGCTCAG-3?) and MN_534R (5?-ATTACCGCGGC TGCTGG-3?),,,,,,,
SRR10418583,SRA,No,V1-V3,C,R,Rhizoctonia,Rhizoctonia solani AG-8,Wheat,PRJNA578725,PRJNA578725,USA,Y,cycle 1-R7 cycle1 R,MN_27F/MN_534R,MN_27F (5?-AGAGTTTGATCMTGGCTCAG-3?) and MN_534R (5?-ATTACCGCGGC TGCTGG-3?),,,,,,,
SRR10418582,SRA,No,V1-V3,C,R,Rhizoctonia,Rhizoctonia solani AG-8,Wheat,PRJNA578725,PRJNA578725,USA,Y,cycle 1-R8 cycle1 R,MN_27F/MN_534R,MN_27F (5?-AGAGTTTGATCMTGGCTCAG-3?) and MN_534R (5?-ATTACCGCGGC TGCTGG-3?),,,,,,,
SRR10418581,SRA,No,V1-V3,C,R,Rhizoctonia,Rhizoctonia solani AG-8,Wheat,PRJNA578725,PRJNA578725,USA,Y,cycle 1-R9 cycle1 R,MN_27F/MN_534R,MN_27F (5?-AGAGTTTGATCMTGGCTCAG-3?) and MN_534R (5?-ATTACCGCGGC TGCTGG-3?),,,,,,,
,,,,,,,,,,,,,,,,,,,,,,
,,,,,,,,,,,,,,,,,,,,,,
,,,,,,,,,,,,,,,,,,,,,,
,,,,,,,,,,,,,,,,,,,,,,
,,,,,,,,,,,,,,,,,,,,,,
,,,,,,,,,,,,,,,,,,,,,,
,,,,,,,,,,,,,,,,,,,,,,
,,,,,,,,,,,,,,,,,,,,,,
,,,,,,,,,,,,,,,,,,,,,,
,,,,,,,,,,,,,,,,,,,,,,
,,,,,,,,,,,,,,,,,,,,,,
,,,,,,,,,,,,,,,,,,,,,,
,,,,,,,,,,,,,,,,,,,,,,
,,,,,,,,,,,,,,,,,,,,,,
,,,,,,,,,,,,,,,,,,,,,,
,,,,,,,,,,,,,,,,,,,,,,
,,,,,,,,,,,,,,,,,,,,,,
,,,,,,,,,,,,,,,,,,,,,,
,,,,,,,,,,,,,,,,,,,,,,
,,,,,,,,,,,,,,,,,,,,,,
,,,,,,,,,,,,,,,,,,,,,,
,,,,,,,,,,,,,,,,,,,,,,
,,,,,,,,,,,,,,,,,,,,,,
,,,,,,,,,,,,,,,,,,,,,,
,,,,,,,,,,,,,,,,,,,,,,
,,,,,,,,,,,,,,,,,,,,,,
,,,,,,,,,,,,,,,,,,,,,,
,,,,,,,,,,,,,,,,,,,,,,
,,,,,,,,,,,,,,,,,,,,,,
,,,,,,,,,,,,,,,,,,,,,,
,,,,,,,,,,,,,,,,,,,,,,
,,,,,,,,,,,,,,,,,,,,,,
,,,,,,,,,,,,,,,,,,,,,,
,,,,,,,,,,,,,,,,,,,,,,
,,,,,,,,,,,,,,,,,,,,,,
,,,,,,,,,,,,,,,,,,,,,,
,,,,,,,,,,,,,,,,,,,,,,
,,,,,,,,,,,,,,,,,,,,,,
,,,,,,,,,,,,,,,,,,,,,,
,,,,,,,,,,,,,,,,,,,,,,
,,,,,,,,,,,,,,,,,,,,,,
,,,,,,,,,,,,,,,,,,,,,,
,,,,,,,,,,,,,,,,,,,,,,
,,,,,,,,,,,,,,,,,,,,,,
,,,,,,,,,,,,,,,,,,,,,,
,,,,,,,,,,,,,,,,,,,,,,
,,,,,,,,,,,,,,,,,,,,,,
,,,,,,,,,,,,,,,,,,,,,,
,,,,,,,,,,,,,,,,,,,,,,
,,,,,,,,,,,,,,,,,,,,,,
,,,,,,,,,,,,,,,,,,,,,,
,,,,,,,,,,,,,,,,,,,,,,
,,,,,,,,,,,,,,,,,,,,,,
,,,,,,,,,,,,,,,,,,,,,,
,,,,,,,,,,,,,,,,,,,,,,
,,,,,,,,,,,,,,,,,,,,,,
,,,,,,,,,,,,,,,,,,,,,,
,,,,,,,,,,,,,,,,,,,,,,
,,,,,,,,,,,,,,,,,,,,,,
,,,,,,,,,,,,,,,,,,,,,,
,,,,,,,,,,,,,,,,,,,,,,
,,,,,,,,,,,,,,,,,,,,,,
,,,,,,,,,,,,,,,,,,,,,,
,,,,,,,,,,,,,,,,,,,,,,
,,,,,,,,,,,,,,,,,,,,,,
,,,,,,,,,,,,,,,,,,,,,,
,,,,,,,,,,,,,,,,,,,,,,
,,,,,,,,,,,,,,,,,,,,,,
,,,,,,,,,,,,,,,,,,,,,,
,,,,,,,,,,,,,,,,,,,,,,
,,,,,,,,,,,,,,,,,,,,,,
,,,,,,,,,,,,,,,,,,,,,,
,,,,,,,,,,,,,,,,,,,,,,
,,,,,,,,,,,,,,,,,,,,,,
,,,,,,,,,,,,,,,,,,,,,,
,,,,,,,,,,,,,,,,,,,,,,
,,,,,,,,,,,,,,,,,,,,,,
,,,,,,,,,,,,,,,,,,,,,,
,,,,,,,,,,,,,,,,,,,,,,
,,,,,,,,,,,,,,,,,,,,,,
,,,,,,,,,,,,,,,,,,,,,,
,,,,,,,,,,,,,,,,,,,,,,
,,,,,,,,,,,,,,,,,,,,,,
,,,,,,,,,,,,,,,,,,,,,,
,,,,,,,,,,,,,,,,,,,,,,
,,,,,,,,,,,,,,,,,,,,,,
,,,,,,,,,,,,,,,,,,,,,,
,,,,,,,,,,,,,,,,,,,,,,
,,,,,,,,,,,,,,,,,,,,,,
,,,,,,,,,,,,,,,,,,,,,,
,,,,,,,,,,,,,,,,,,,,,,
,,,,,,,,,,,,,,,,,,,,,,
,,,,,,,,,,,,,,,,,,,,,,
,,,,,,,,,,,,,,,,,,,,,,
,,,,,,,,,,,,,,,,,,,,,,
,,,,,,,,,,,,,,,,,,,,,,
,,,,,,,,,,,,,,,,,,,,,,
,,,,,,,,,,,,,,,,,,,,,,
,,,,,,,,,,,,,,,,,,,,,,
,,,,,,,,,,,,,,,,,,,,,,
,,,,,,,,,,,,,,,,,,,,,,
,,,,,,,,,,,,,,,,,,,,,,
,,,,,,,,,,,,,,,,,,,,,,
,,,,,,,,,,,,,,,,,,,,,,
,,,,,,,,,,,,,,,,,,,,,,
,,,,,,,,,,,,,,,,,,,,,,
,,,,,,,,,,,,,,,,,,,,,,
,,,,,,,,,,,,,,,,,,,,,,
,,,,,,,,,,,,,,,,,,,,,,
,,,,,,,,,,,,,,,,,,,,,,
,,,,,,,,,,,,,,,,,,,,,,
,,,,,,,,,,,,,,,,,,,,,,
,,,,,,,,,,,,,,,,,,,,,,
,,,,,,,,,,,,,,,,,,,,,,
,,,,,,,,,,,,,,,,,,,,,,
,,,,,,,,,,,,,,,,,,,,,,
,,,,,,,,,,,,,,,,,,,,,,
,,,,,,,,,,,,,,,,,,,,,,
,,,,,,,,,,,,,,,,,,,,,,
,,,,,,,,,,,,,,,,,,,,,,
,,,,,,,,,,,,,,,,,,,,,,
,,,,,,,,,,,,,,,,,,,,,,
,,,,,,,,,,,,,,,,,,,,,,
,,,,,,,,,,,,,,,,,,,,,,
,,,,,,,,,,,,,,,,,,,,,,
,,,,,,,,,,,,,,,,,,,,,,
,,,,,,,,,,,,,,,,,,,,,,
,,,,,,,,,,,,,,,,,,,,,,
,,,,,,,,,,,,,,,,,,,,,,
,,,,,,,,,,,,,,,,,,,,,,
,,,,,,,,,,,,,,,,,,,,,,
,,,,,,,,,,,,,,,,,,,,,,
,,,,,,,,,,,,,,,,,,,,,,
,,,,,,,,,,,,,,,,,,,,,,
,,,,,,,,,,,,,,,,,,,,,,
,,,,,,,,,,,,,,,,,,,,,,
,,,,,,,,,,,,,,,,,,,,,,
,,,,,,,,,,,,,,,,,,,,,,
,,,,,,,,,,,,,,,,,,,,,,
,,,,,,,,,,,,,,,,,,,,,,
,,,,,,,,,,,,,,,,,,,,,,
,,,,,,,,,,,,,,,,,,,,,,
,,,,,,,,,,,,,,,,,,,,,,
,,,,,,,,,,,,,,,,,,,,,,
,,,,,,,,,,,,,,,,,,,,,,
,,,,,,,,,,,,,,,,,,,,,,
,,,,,,,,,,,,,,,,,,,,,,
,,,,,,,,,,,,,,,,,,,,,,
,,,,,,,,,,,,,,,,,,,,,,
,,,,,,,,,,,,,,,,,,,,,,
,,,,,,,,,,,,,,,,,,,,,,
,,,,,,,,,,,,,,,,,,,,,,
,,,,,,,,,,,,,,,,,,,,,,
,,,,,,,,,,,,,,,,,,,,,,
,,,,,,,,,,,,,,,,,,,,,,
,,,,,,,,,,,,,,,,,,,,,,
,,,,,,,,,,,,,,,,,,,,,,
,,,,,,,,,,,,,,,,,,,,,,
,,,,,,,,,,,,,,,,,,,,,,
,,,,,,,,,,,,,,,,,,,,,,
,,,,,,,,,,,,,,,,,,,,,,
,,,,,,,,,,,,,,,,,,,,,,
,,,,,,,,,,,,,,,,,,,,,,
,,,,,,,,,,,,,,,,,,,,,,
,,,,,,,,,,,,,,,,,,,,,,
,,,,,,,,,,,,,,,,,,,,,,
,,,,,,,,,,,,,,,,,,,,,,
,,,,,,,,,,,,,,,,,,,,,,
,,,,,,,,,,,,,,,,,,,,,,
,,,,,,,,,,,,,,,,,,,,,,
,,,,,,,,,,,,,,,,,,,,,,
,,,,,,,,,,,,,,,,,,,,,,
,,,,,,,,,,,,,,,,,,,,,,
,,,,,,,,,,,,,,,,,,,,,,
,,,,,,,,,,,,,,,,,,,,,,
,,,,,,,,,,,,,,,,,,,,,,
,,,,,,,,,,,,,,,,,,,,,,
,,,,,,,,,,,,,,,,,,,,,,
,,,,,,,,,,,,,,,,,,,,,,
,,,,,,,,,,,,,,,,,,,,,,
,,,,,,,,,,,,,,,,,,,,,,
,,,,,,,,,,,,,,,,,,,,,,
,,,,,,,,,,,,,,,,,,,,,,
,,,,,,,,,,,,,,,,,,,,,,
,,,,,,,,,,,,,,,,,,,,,,
,,,,,,,,,,,,,,,,,,,,,,
,,,,,,,,,,,,,,,,,,,,,,
,,,,,,,,,,,,,,,,,,,,,,
,,,,,,,,,,,,,,,,,,,,,,
,,,,,,,,,,,,,,,,,,,,,,
,,,,,,,,,,,,,,,,,,,,,,
,,,,,,,,,,,,,,,,,,,,,,
,,,,,,,,,,,,,,,,,,,,,,
,,,,,,,,,,,,,,,,,,,,,,
,,,,,,,,,,,,,,,,,,,,,,
,,,,,,,,,,,,,,,,,,,,,,
,,,,,,,,,,,,,,,,,,,,,,
,,,,,,,,,,,,,,,,,,,,,,
,,,,,,,,,,,,,,,,,,,,,,
,,,,,,,,,,,,,,,,,,,,,,
,,,,,,,,,,,,,,,,,,,,,,
,,,,,,,,,,,,,,,,,,,,,,
,,,,,,,,,,,,,,,,,,,,,,
,,,,,,,,,,,,,,,,,,,,,,
,,,,,,,,,,,,,,,,,,,,,,
,,,,,,,,,,,,,,,,,,,,,,
,,,,,,,,,,,,,,,,,,,,,,
,,,,,,,,,,,,,,,,,,,,,,
,,,,,,,,,,,,,,,,,,,,,,
,,,,,,,,,,,,,,,,,,,,,,
,,,,,,,,,,,,,,,,,,,,,,
,,,,,,,,,,,,,,,,,,,,,,
,,,,,,,,,,,,,,,,,,,,,,
,,,,,,,,,,,,,,,,,,,,,,
,,,,,,,,,,,,,,,,,,,,,,
,,,,,,,,,,,,,,,,,,,,,,
,,,,,,,,,,,,,,,,,,,,,,
,,,,,,,,,,,,,,,,,,,,,,
,,,,,,,,,,,,,,,,,,,,,,
,,,,,,,,,,,,,,,,,,,,,,
,,,,,,,,,,,,,,,,,,,,,,
,,,,,,,,,,,,,,,,,,,,,,
,,,,,,,,,,,,,,,,,,,,,,
,,,,,,,,,,,,,,,,,,,,,,
,,,,,,,,,,,,,,,,,,,,,,
,,,,,,,,,,,,,,,,,,,,,,
,,,,,,,,,,,,,,,,,,,,,,
,,,,,,,,,,,,,,,,,,,,,,
,,,,,,,,,,,,,,,,,,,,,,
,,,,,,,,,,,,,,,,,,,,,,
,,,,,,,,,,,,,,,,,,,,,,
,,,,,,,,,,,,,,,,,,,,,,
,,,,,,,,,,,,,,,,,,,,,,
,,,,,,,,,,,,,,,,,,,,,,
,,,,,,,,,,,,,,,,,,,,,,
,,,,,,,,,,,,,,,,,,,,,,
,,,,,,,,,,,,,,,,,,,,,,
,,,,,,,,,,,,,,,,,,,,,,
,,,,,,,,,,,,,,,,,,,,,,
,,,,,,,,,,,,,,,,,,,,,,
,,,,,,,,,,,,,,,,,,,,,,
,,,,,,,,,,,,,,,,,,,,,,
,,,,,,,,,,,,,,,,,,,,,,
,,,,,,,,,,,,,,,,,,,,,,
,,,,,,,,,,,,,,,,,,,,,,
,,,,,,,,,,,,,,,,,,,,,,
,,,,,,,,,,,,,,,,,,,,,,
,,,,,,,,,,,,,,,,,,,,,,
,,,,,,,,,,,,,,,,,,,,,,
,,,,,,,,,,,,,,,,,,,,,,
,,,,,,,,,,,,,,,,,,,,,,
,,,,,,,,,,,,,,,,,,,,,,
,,,,,,,,,,,,,,,,,,,,,,
,,,,,,,,,,,,,,,,,,,,,,
,,,,,,,,,,,,,,,,,,,,,,
,,,,,,,,,,,,,,,,,,,,,,
,,,,,,,,,,,,,,,,,,,,,,
,,,,,,,,,,,,,,,,,,,,,,
,,,,,,,,,,,,,,,,,,,,,,
,,,,,,,,,,,,,,,,,,,,,,
,,,,,,,,,,,,,,,,,,,,,,
,,,,,,,,,,,,,,,,,,,,,,
,,,,,,,,,,,,,,,,,,,,,,
,,,,,,,,,,,,,,,,,,,,,,
,,,,,,,,,,,,,,,,,,,,,,
,,,,,,,,,,,,,,,,,,,,,,
,,,,,,,,,,,,,,,,,,,,,,
,,,,,,,,,,,,,,,,,,,,,,
,,,,,,,,,,,,,,,,,,,,,,
,,,,,,,,,,,,,,,,,,,,,,
,,,,,,,,,,,,,,,,,,,,,,
,,,,,,,,,,,,,,,,,,,,,,
,,,,,,,,,,,,,,,,,,,,,,
,,,,,,,,,,,,,,,,,,,,,,
,,,,,,,,,,,,,,,,,,,,,,
,,,,,,,,,,,,,,,,,,,,,,
,,,,,,,,,,,,,,,,,,,,,,
,,,,,,,,,,,,,,,,,,,,,,
,,,,,,,,,,,,,,,,,,,,,,
,,,,,,,,,,,,,,,,,,,,,,
,,,,,,,,,,,,,,,,,,,,,,
,,,,,,,,,,,,,,,,,,,,,,
,,,,,,,,,,,,,,,,,,,,,,
,,,,,,,,,,,,,,,,,,,,,,
,,,,,,,,,,,,,,,,,,,,,,
,,,,,,,,,,,,,,,,,,,,,,
,,,,,,,,,,,,,,,,,,,,,,
,,,,,,,,,,,,,,,,,,,,,,
,,,,,,,,,,,,,,,,,,,,,,
,,,,,,,,,,,,,,,,,,,,,,
,,,,,,,,,,,,,,,,,,,,,,
,,,,,,,,,,,,,,,,,,,,,,
,,,,,,,,,,,,,,,,,,,,,,
,,,,,,,,,,,,,,,,,,,,,,
,,,,,,,,,,,,,,,,,,,,,,
,,,,,,,,,,,,,,,,,,,,,,
,,,,,,,,,,,,,,,,,,,,,,
,,,,,,,,,,,,,,,,,,,,,,
,,,,,,,,,,,,,,,,,,,,,,
,,,,,,,,,,,,,,,,,,,,,,
,,,,,,,,,,,,,,,,,,,,,,
,,,,,,,,,,,,,,,,,,,,,,
,,,,,,,,,,,,,,,,,,,,,,
,,,,,,,,,,,,,,,,,,,,,,
,,,,,,,,,,,,,,,,,,,,,,
,,,,,,,,,,,,,,,,,,,,,,
,,,,,,,,,,,,,,,,,,,,,,
,,,,,,,,,,,,,,,,,,,,,,
,,,,,,,,,,,,,,,,,,,,,,
,,,,,,,,,,,,,,,,,,,,,,
,,,,,,,,,,,,,,,,,,,,,,
,,,,,,,,,,,,,,,,,,,,,,
,,,,,,,,,,,,,,,,,,,,,,
,,,,,,,,,,,,,,,,,,,,,,
,,,,,,,,,,,,,,,,,,,,,,
,,,,,,,,,,,,,,,,,,,,,,
,,,,,,,,,,,,,,,,,,,,,,
,,,,,,,,,,,,,,,,,,,,,,
,,,,,,,,,,,,,,,,,,,,,,
,,,,,,,,,,,,,,,,,,,,,,
,,,,,,,,,,,,,,,,,,,,,,
,,,,,,,,,,,,,,,,,,,,,,
,,,,,,,,,,,,,,,,,,,,,,
,,,,,,,,,,,,,,,,,,,,,,
,,,,,,,,,,,,,,,,,,,,,,
,,,,,,,,,,,,,,,,,,,,,,
,,,,,,,,,,,,,,,,,,,,,,
,,,,,,,,,,,,,,,,,,,,,,
,,,,,,,,,,,,,,,,,,,,,,
,,,,,,,,,,,,,,,,,,,,,,
,,,,,,,,,,,,,,,,,,,,,,
,,,,,,,,,,,,,,,,,,,,,,
,,,,,,,,,,,,,,,,,,,,,,
,,,,,,,,,,,,,,,,,,,,,,
,,,,,,,,,,,,,,,,,,,,,,
,,,,,,,,,,,,,,,,,,,,,,
,,,,,,,,,,,,,,,,,,,,,,
,,,,,,,,,,,,,,,,,,,,,,
,,,,,,,,,,,,,,,,,,,,,,
,,,,,,,,,,,,,,,,,,,,,,
,,,,,,,,,,,,,,,,,,,,,,
,,,,,,,,,,,,,,,,,,,,,,
,,,,,,,,,,,,,,,,,,,,,,
,,,,,,,,,,,,,,,,,,,,,,
,,,,,,,,,,,,,,,,,,,,,,
,,,,,,,,,,,,,,,,,,,,,,
,,,,,,,,,,,,,,,,,,,,,,
,,,,,,,,,,,,,,,,,,,,,,
,,,,,,,,,,,,,,,,,,,,,,
,,,,,,,,,,,,,,,,,,,,,,
,,,,,,,,,,,,,,,,,,,,,,
,,,,,,,,,,,,,,,,,,,,,,
